<metadata xml:lang="en"><Esri><CreaDate>20170316</CreaDate><CreaTime>11144800</CreaTime><ArcGISFormat>1.0</ArcGISFormat><ArcGISstyle>FGDC CSDGM Metadata</ArcGISstyle><SyncOnce>FALSE</SyncOnce><DataProperties><itemProps><itemName Sync="TRUE">AllWells_20170316</itemName><imsContentType Sync="TRUE" export="False">002</imsContentType><nativeExtBox><westBL Sync="TRUE">-13844102.403000</westBL><eastBL Sync="TRUE">2.260000</eastBL><southBL Sync="TRUE">0.231600</southBL><northBL Sync="TRUE">5133002.993100</northBL><exTypeCode Sync="TRUE">1</exTypeCode></nativeExtBox><itemLocation><linkage Sync="TRUE">file://\\ad.consrv.ca.gov\HQ\GrpFiles\DOGGR\HQ_GIS_Technical_Services\HQ_Technical_Services\Projects\Wells\Quaterly_All_Wells_Updates\2017_Mar\AllWells\AllWells_20170316.shp</linkage><protocol Sync="TRUE">Local Area Network</protocol></itemLocation><itemSize Sync="TRUE">6.070</itemSize></itemProps><coordRef><type Sync="TRUE">Projected</type><geogcsn Sync="TRUE">GCS_WGS_1984</geogcsn><csUnits Sync="TRUE">Linear Unit: Meter (1.000000)</csUnits><peXml Sync="TRUE">&lt;ProjectedCoordinateSystem xsi:type='typens:ProjectedCoordinateSystem' xmlns:xsi='http://www.w3.org/2001/XMLSchema-instance' xmlns:xs='http://www.w3.org/2001/XMLSchema' xmlns:typens='http://www.esri.com/schemas/ArcGIS/10.4'&gt;&lt;WKT&gt;PROJCS[&amp;quot;WGS_1984_Web_Mercator_Auxiliary_Sphere&amp;quot;,GEOGCS[&amp;quot;GCS_WGS_1984&amp;quot;,DATUM[&amp;quot;D_WGS_1984&amp;quot;,SPHEROID[&amp;quot;WGS_1984&amp;quot;,6378137.0,298.257223563]],PRIMEM[&amp;quot;Greenwich&amp;quot;,0.0],UNIT[&amp;quot;Degree&amp;quot;,0.0174532925199433]],PROJECTION[&amp;quot;Mercator_Auxiliary_Sphere&amp;quot;],PARAMETER[&amp;quot;False_Easting&amp;quot;,0.0],PARAMETER[&amp;quot;False_Northing&amp;quot;,0.0],PARAMETER[&amp;quot;Central_Meridian&amp;quot;,0.0],PARAMETER[&amp;quot;Standard_Parallel_1&amp;quot;,0.0],PARAMETER[&amp;quot;Auxiliary_Sphere_Type&amp;quot;,0.0],UNIT[&amp;quot;Meter&amp;quot;,1.0],AUTHORITY[&amp;quot;EPSG&amp;quot;,3857]]&lt;/WKT&gt;&lt;XOrigin&gt;-20037700&lt;/XOrigin&gt;&lt;YOrigin&gt;-30241100&lt;/YOrigin&gt;&lt;XYScale&gt;148923141.92838538&lt;/XYScale&gt;&lt;ZOrigin&gt;-100000&lt;/ZOrigin&gt;&lt;ZScale&gt;10000&lt;/ZScale&gt;&lt;MOrigin&gt;-100000&lt;/MOrigin&gt;&lt;MScale&gt;10000&lt;/MScale&gt;&lt;XYTolerance&gt;0.001&lt;/XYTolerance&gt;&lt;ZTolerance&gt;0.001&lt;/ZTolerance&gt;&lt;MTolerance&gt;0.001&lt;/MTolerance&gt;&lt;HighPrecision&gt;true&lt;/HighPrecision&gt;&lt;WKID&gt;102100&lt;/WKID&gt;&lt;LatestWKID&gt;3857&lt;/LatestWKID&gt;&lt;/ProjectedCoordinateSystem&gt;</peXml><projcsn Sync="TRUE">WGS_1984_Web_Mercator_Auxiliary_Sphere</projcsn></coordRef><lineage><Process ToolSource="c:\program files (x86)\arcgis\desktop10.4\ArcToolbox\Toolboxes\Conversion Tools.tbx\FeatureClassToFeatureClass" Date="20161006" Time="121145" Name="" export="">FeatureClassToFeatureClass G:\DOGGR\HQ_GIS_Technical_Services\HQ_Technical_Services\PRODUCTION\WebUpdates\CalwimsDB\AllWells_Scratch.gdb\AllWells_20161005 G:\DOGGR\HQ_GIS_Technical_Services\HQ_Technical_Services\PRODUCTION\WebUpdates\2016_Oct AllWells_20161005.shp # "APINumber "APINumber" true true false 8 Text 0 0 ,First,#,G:\DOGGR\HQ_GIS_Technical_Services\HQ_Technical_Services\PRODUCTION\WebUpdates\CalwimsDB\AllWells_Scratch.gdb\AllWells_20161005,APINumber,-1,-1;WellNumber "WellNumber" true true false 15 Text 0 0 ,First,#,G:\DOGGR\HQ_GIS_Technical_Services\HQ_Technical_Services\PRODUCTION\WebUpdates\CalwimsDB\AllWells_Scratch.gdb\AllWells_20161005,WellNumber,-1,-1;WellStatus "WellStatus" true true false 1 Text 0 0 ,First,#,G:\DOGGR\HQ_GIS_Technical_Services\HQ_Technical_Services\PRODUCTION\WebUpdates\CalwimsDB\AllWells_Scratch.gdb\AllWells_20161005,WellStatus,-1,-1;GISSymbol "GISSymbol" true true false 3 Text 0 0 ,First,#,G:\DOGGR\HQ_GIS_Technical_Services\HQ_Technical_Services\PRODUCTION\WebUpdates\CalwimsDB\AllWells_Scratch.gdb\AllWells_20161005,GISSymbol,-1,-1;OperatorCo "OperatorCo" true true false 5 Text 0 0 ,First,#,G:\DOGGR\HQ_GIS_Technical_Services\HQ_Technical_Services\PRODUCTION\WebUpdates\CalwimsDB\AllWells_Scratch.gdb\AllWells_20161005,OperatorCo,-1,-1;OperatorNa "OperatorNa" true true false 100 Text 0 0 ,First,#,G:\DOGGR\HQ_GIS_Technical_Services\HQ_Technical_Services\PRODUCTION\WebUpdates\CalwimsDB\AllWells_Scratch.gdb\AllWells_20161005,OperatorNa,-1,-1;LeaseName "LeaseName" true true false 40 Text 0 0 ,First,#,G:\DOGGR\HQ_GIS_Technical_Services\HQ_Technical_Services\PRODUCTION\WebUpdates\CalwimsDB\AllWells_Scratch.gdb\AllWells_20161005,LeaseName,-1,-1;FieldName "FieldName" true true false 100 Text 0 0 ,First,#,G:\DOGGR\HQ_GIS_Technical_Services\HQ_Technical_Services\PRODUCTION\WebUpdates\CalwimsDB\AllWells_Scratch.gdb\AllWells_20161005,FieldName,-1,-1;AreaName "AreaName" true true false 40 Text 0 0 ,First,#,G:\DOGGR\HQ_GIS_Technical_Services\HQ_Technical_Services\PRODUCTION\WebUpdates\CalwimsDB\AllWells_Scratch.gdb\AllWells_20161005,AreaName,-1,-1;District "District" true true false 1 Text 0 0 ,First,#,G:\DOGGR\HQ_GIS_Technical_Services\HQ_Technical_Services\PRODUCTION\WebUpdates\CalwimsDB\AllWells_Scratch.gdb\AllWells_20161005,District,-1,-1;County "County" true true false 50 Text 0 0 ,First,#,G:\DOGGR\HQ_GIS_Technical_Services\HQ_Technical_Services\PRODUCTION\WebUpdates\CalwimsDB\AllWells_Scratch.gdb\AllWells_20161005,County,-1,-1;Section_ "Section_" true true false 2 Text 0 0 ,First,#,G:\DOGGR\HQ_GIS_Technical_Services\HQ_Technical_Services\PRODUCTION\WebUpdates\CalwimsDB\AllWells_Scratch.gdb\AllWells_20161005,Section_,-1,-1;Township "Township" true true false 3 Text 0 0 ,First,#,G:\DOGGR\HQ_GIS_Technical_Services\HQ_Technical_Services\PRODUCTION\WebUpdates\CalwimsDB\AllWells_Scratch.gdb\AllWells_20161005,Township,-1,-1;Range "Range" true true false 3 Text 0 0 ,First,#,G:\DOGGR\HQ_GIS_Technical_Services\HQ_Technical_Services\PRODUCTION\WebUpdates\CalwimsDB\AllWells_Scratch.gdb\AllWells_20161005,Range,-1,-1;BMeridian "BMeridian" true true false 2 Text 0 0 ,First,#,G:\DOGGR\HQ_GIS_Technical_Services\HQ_Technical_Services\PRODUCTION\WebUpdates\CalwimsDB\AllWells_Scratch.gdb\AllWells_20161005,BMeridian,-1,-1;Latitude "Latitude" true true false 8 Double 0 0 ,First,#,G:\DOGGR\HQ_GIS_Technical_Services\HQ_Technical_Services\PRODUCTION\WebUpdates\CalwimsDB\AllWells_Scratch.gdb\AllWells_20161005,Latitude,-1,-1;Longitude "Longitude" true true false 8 Double 0 0 ,First,#,G:\DOGGR\HQ_GIS_Technical_Services\HQ_Technical_Services\PRODUCTION\WebUpdates\CalwimsDB\AllWells_Scratch.gdb\AllWells_20161005,Longitude,-1,-1;Elevation "Elevation" true true false 8 Text 0 0 ,First,#,G:\DOGGR\HQ_GIS_Technical_Services\HQ_Technical_Services\PRODUCTION\WebUpdates\CalwimsDB\AllWells_Scratch.gdb\AllWells_20161005,Elevation,-1,-1;TotalDepth "TotalDepth" true true false 8 Double 0 0 ,First,#,G:\DOGGR\HQ_GIS_Technical_Services\HQ_Technical_Services\PRODUCTION\WebUpdates\CalwimsDB\AllWells_Scratch.gdb\AllWells_20161005,TotalDepth,-1,-1;RedrillFt "RedrillFt" true true false 8 Double 0 0 ,First,#,G:\DOGGR\HQ_GIS_Technical_Services\HQ_Technical_Services\PRODUCTION\WebUpdates\CalwimsDB\AllWells_Scratch.gdb\AllWells_20161005,RedrillFt,-1,-1;RedCanFlag "RedCanFlag" true true false 2 Text 0 0 ,First,#,G:\DOGGR\HQ_GIS_Technical_Services\HQ_Technical_Services\PRODUCTION\WebUpdates\CalwimsDB\AllWells_Scratch.gdb\AllWells_20161005,RedCanFlag,-1,-1;Location "Location" true true false 255 Text 0 0 ,First,#,G:\DOGGR\HQ_GIS_Technical_Services\HQ_Technical_Services\PRODUCTION\WebUpdates\CalwimsDB\AllWells_Scratch.gdb\AllWells_20161005,Location,-1,-1;Comments "Comments" true true false 50 Text 0 0 ,First,#,G:\DOGGR\HQ_GIS_Technical_Services\HQ_Technical_Services\PRODUCTION\WebUpdates\CalwimsDB\AllWells_Scratch.gdb\AllWells_20161005,Comments,-1,-1;GISSource "GISSource" true true false 3 Text 0 0 ,First,#,G:\DOGGR\HQ_GIS_Technical_Services\HQ_Technical_Services\PRODUCTION\WebUpdates\CalwimsDB\AllWells_Scratch.gdb\AllWells_20161005,GISSource,-1,-1;DryHole "DryHole" true true false 1 Text 0 0 ,First,#,G:\DOGGR\HQ_GIS_Technical_Services\HQ_Technical_Services\PRODUCTION\WebUpdates\CalwimsDB\AllWells_Scratch.gdb\AllWells_20161005,DryHole,-1,-1;ConfWell "ConfWell" true true false 1 Text 0 0 ,First,#,G:\DOGGR\HQ_GIS_Technical_Services\HQ_Technical_Services\PRODUCTION\WebUpdates\CalwimsDB\AllWells_Scratch.gdb\AllWells_20161005,ConfWell,-1,-1;DirDrill "DirDrill" true true false 50 Text 0 0 ,First,#,G:\DOGGR\HQ_GIS_Technical_Services\HQ_Technical_Services\PRODUCTION\WebUpdates\CalwimsDB\AllWells_Scratch.gdb\AllWells_20161005,DirDrill,-1,-1;HydFrac "HydFrac" true true false 1 Text 0 0 ,First,#,G:\DOGGR\HQ_GIS_Technical_Services\HQ_Technical_Services\PRODUCTION\WebUpdates\CalwimsDB\AllWells_Scratch.gdb\AllWells_20161005,HydFrac,-1,-1;BLMWell "BLMWell" true true false 1 Text 0 0 ,First,#,G:\DOGGR\HQ_GIS_Technical_Services\HQ_Technical_Services\PRODUCTION\WebUpdates\CalwimsDB\AllWells_Scratch.gdb\AllWells_20161005,BLMWell,-1,-1;EPAWell "EPAWell" true true false 1 Text 0 0 ,First,#,G:\DOGGR\HQ_GIS_Technical_Services\HQ_Technical_Services\PRODUCTION\WebUpdates\CalwimsDB\AllWells_Scratch.gdb\AllWells_20161005,EPAWell,-1,-1;SpudDate "SpudDate" true true false 8 Date 0 0 ,First,#,G:\DOGGR\HQ_GIS_Technical_Services\HQ_Technical_Services\PRODUCTION\WebUpdates\CalwimsDB\AllWells_Scratch.gdb\AllWells_20161005,SpudDate,-1,-1;CompDate "CompDate" true true false 8 Date 0 0 ,First,#,G:\DOGGR\HQ_GIS_Technical_Services\HQ_Technical_Services\PRODUCTION\WebUpdates\CalwimsDB\AllWells_Scratch.gdb\AllWells_20161005,CompDate,-1,-1;AbdDate "AbdDate" true true false 8 Date 0 0 ,First,#,G:\DOGGR\HQ_GIS_Technical_Services\HQ_Technical_Services\PRODUCTION\WebUpdates\CalwimsDB\AllWells_Scratch.gdb\AllWells_20161005,AbdDate,-1,-1" #</Process><Process ToolSource="c:\program files (x86)\arcgis\desktop10.4\ArcToolbox\Toolboxes\Conversion Tools.tbx\FeatureClassToFeatureClass" Date="20170120" Time="091110" Name="" export="">FeatureClassToFeatureClass G:\DOGGR\HQ_GIS_Technical_Services\HQ_Technical_Services\PRODUCTION\WebUpdates\2017_Jan\AllWells_201701.shp G:\DOGGR\HQ_GIS_Technical_Services\HQ_Technical_Services\AllWells.gdb AllWells_201701 # "APINumber "APINumber" true true false 8 Text 0 0 ,First,#,G:\DOGGR\HQ_GIS_Technical_Services\HQ_Technical_Services\PRODUCTION\WebUpdates\2017_Jan\AllWells_201701.shp,APINumber,-1,-1;WellNumber "WellNumber" true true false 15 Text 0 0 ,First,#,G:\DOGGR\HQ_GIS_Technical_Services\HQ_Technical_Services\PRODUCTION\WebUpdates\2017_Jan\AllWells_201701.shp,WellNumber,-1,-1;WellStatus "WellStatus" true true false 1 Text 0 0 ,First,#,G:\DOGGR\HQ_GIS_Technical_Services\HQ_Technical_Services\PRODUCTION\WebUpdates\2017_Jan\AllWells_201701.shp,WellStatus,-1,-1;GISSymbol "GISSymbol" true true false 3 Text 0 0 ,First,#,G:\DOGGR\HQ_GIS_Technical_Services\HQ_Technical_Services\PRODUCTION\WebUpdates\2017_Jan\AllWells_201701.shp,GISSymbol,-1,-1;OperatorCo "OperatorCo" true true false 5 Text 0 0 ,First,#,G:\DOGGR\HQ_GIS_Technical_Services\HQ_Technical_Services\PRODUCTION\WebUpdates\2017_Jan\AllWells_201701.shp,OperatorCo,-1,-1;OperatorNa "OperatorNa" true true false 100 Text 0 0 ,First,#,G:\DOGGR\HQ_GIS_Technical_Services\HQ_Technical_Services\PRODUCTION\WebUpdates\2017_Jan\AllWells_201701.shp,OperatorNa,-1,-1;LeaseName "LeaseName" true true false 40 Text 0 0 ,First,#,G:\DOGGR\HQ_GIS_Technical_Services\HQ_Technical_Services\PRODUCTION\WebUpdates\2017_Jan\AllWells_201701.shp,LeaseName,-1,-1;FieldName "FieldName" true true false 100 Text 0 0 ,First,#,G:\DOGGR\HQ_GIS_Technical_Services\HQ_Technical_Services\PRODUCTION\WebUpdates\2017_Jan\AllWells_201701.shp,FieldName,-1,-1;AreaName "AreaName" true true false 40 Text 0 0 ,First,#,G:\DOGGR\HQ_GIS_Technical_Services\HQ_Technical_Services\PRODUCTION\WebUpdates\2017_Jan\AllWells_201701.shp,AreaName,-1,-1;District "District" true true false 1 Text 0 0 ,First,#,G:\DOGGR\HQ_GIS_Technical_Services\HQ_Technical_Services\PRODUCTION\WebUpdates\2017_Jan\AllWells_201701.shp,District,-1,-1;County "County" true true false 50 Text 0 0 ,First,#,G:\DOGGR\HQ_GIS_Technical_Services\HQ_Technical_Services\PRODUCTION\WebUpdates\2017_Jan\AllWells_201701.shp,County,-1,-1;Section "Section" true true false 10 Long 0 10 ,First,#,G:\DOGGR\HQ_GIS_Technical_Services\HQ_Technical_Services\PRODUCTION\WebUpdates\2017_Jan\AllWells_201701.shp,Section,-1,-1;Township "Township" true true false 3 Text 0 0 ,First,#,G:\DOGGR\HQ_GIS_Technical_Services\HQ_Technical_Services\PRODUCTION\WebUpdates\2017_Jan\AllWells_201701.shp,Township,-1,-1;Range "Range" true true false 3 Text 0 0 ,First,#,G:\DOGGR\HQ_GIS_Technical_Services\HQ_Technical_Services\PRODUCTION\WebUpdates\2017_Jan\AllWells_201701.shp,Range,-1,-1;BMeridian "BMeridian" true true false 2 Text 0 0 ,First,#,G:\DOGGR\HQ_GIS_Technical_Services\HQ_Technical_Services\PRODUCTION\WebUpdates\2017_Jan\AllWells_201701.shp,BMeridian,-1,-1;Latitude "Latitude" true true false 19 Double 0 0 ,First,#,G:\DOGGR\HQ_GIS_Technical_Services\HQ_Technical_Services\PRODUCTION\WebUpdates\2017_Jan\AllWells_201701.shp,Latitude,-1,-1;Longitude "Longitude" true true false 19 Double 0 0 ,First,#,G:\DOGGR\HQ_GIS_Technical_Services\HQ_Technical_Services\PRODUCTION\WebUpdates\2017_Jan\AllWells_201701.shp,Longitude,-1,-1;Elevation "Elevation" true true false 8 Text 0 0 ,First,#,G:\DOGGR\HQ_GIS_Technical_Services\HQ_Technical_Services\PRODUCTION\WebUpdates\2017_Jan\AllWells_201701.shp,Elevation,-1,-1;TotalDepth "TotalDepth" true true false 19 Double 0 0 ,First,#,G:\DOGGR\HQ_GIS_Technical_Services\HQ_Technical_Services\PRODUCTION\WebUpdates\2017_Jan\AllWells_201701.shp,TotalDepth,-1,-1;RedrillFt "RedrillFt" true true false 19 Double 0 0 ,First,#,G:\DOGGR\HQ_GIS_Technical_Services\HQ_Technical_Services\PRODUCTION\WebUpdates\2017_Jan\AllWells_201701.shp,RedrillFt,-1,-1;RedCanFlag "RedCanFlag" true true false 2 Text 0 0 ,First,#,G:\DOGGR\HQ_GIS_Technical_Services\HQ_Technical_Services\PRODUCTION\WebUpdates\2017_Jan\AllWells_201701.shp,RedCanFlag,-1,-1;Location "Location" true true false 254 Text 0 0 ,First,#,G:\DOGGR\HQ_GIS_Technical_Services\HQ_Technical_Services\PRODUCTION\WebUpdates\2017_Jan\AllWells_201701.shp,Location,-1,-1;Comments "Comments" true true false 254 Text 0 0 ,First,#,G:\DOGGR\HQ_GIS_Technical_Services\HQ_Technical_Services\PRODUCTION\WebUpdates\2017_Jan\AllWells_201701.shp,Comments,-1,-1;GISSource "GISSource" true true false 3 Text 0 0 ,First,#,G:\DOGGR\HQ_GIS_Technical_Services\HQ_Technical_Services\PRODUCTION\WebUpdates\2017_Jan\AllWells_201701.shp,GISSource,-1,-1;DryHole "DryHole" true true false 1 Text 0 0 ,First,#,G:\DOGGR\HQ_GIS_Technical_Services\HQ_Technical_Services\PRODUCTION\WebUpdates\2017_Jan\AllWells_201701.shp,DryHole,-1,-1;ConfWell "ConfWell" true true false 1 Text 0 0 ,First,#,G:\DOGGR\HQ_GIS_Technical_Services\HQ_Technical_Services\PRODUCTION\WebUpdates\2017_Jan\AllWells_201701.shp,ConfWell,-1,-1;DirDrill "DirDrill" true true false 50 Text 0 0 ,First,#,G:\DOGGR\HQ_GIS_Technical_Services\HQ_Technical_Services\PRODUCTION\WebUpdates\2017_Jan\AllWells_201701.shp,DirDrill,-1,-1;HydFrac "HydFrac" true true false 1 Text 0 0 ,First,#,G:\DOGGR\HQ_GIS_Technical_Services\HQ_Technical_Services\PRODUCTION\WebUpdates\2017_Jan\AllWells_201701.shp,HydFrac,-1,-1;BLMWell "BLMWell" true true false 1 Text 0 0 ,First,#,G:\DOGGR\HQ_GIS_Technical_Services\HQ_Technical_Services\PRODUCTION\WebUpdates\2017_Jan\AllWells_201701.shp,BLMWell,-1,-1;EPAWell "EPAWell" true true false 1 Text 0 0 ,First,#,G:\DOGGR\HQ_GIS_Technical_Services\HQ_Technical_Services\PRODUCTION\WebUpdates\2017_Jan\AllWells_201701.shp,EPAWell,-1,-1;SpudDate "SpudDate" true true false 8 Date 0 0 ,First,#,G:\DOGGR\HQ_GIS_Technical_Services\HQ_Technical_Services\PRODUCTION\WebUpdates\2017_Jan\AllWells_201701.shp,SpudDate,-1,-1;CompDate "CompDate" true true false 8 Date 0 0 ,First,#,G:\DOGGR\HQ_GIS_Technical_Services\HQ_Technical_Services\PRODUCTION\WebUpdates\2017_Jan\AllWells_201701.shp,CompDate,-1,-1;AbdDate "AbdDate" true true false 8 Date 0 0 ,First,#,G:\DOGGR\HQ_GIS_Technical_Services\HQ_Technical_Services\PRODUCTION\WebUpdates\2017_Jan\AllWells_201701.shp,AbdDate,-1,-1" #</Process><Process Name="Append" ToolSource="c:\program files (x86)\arcgis\desktop10.4\ArcToolbox\Toolboxes\Data Management Tools.tbx\Append" Date="20170316" Time="114726" export="">Append in_memory\AllWells_Excluding_HC G:\DOGGR\HQ_GIS_Technical_Services\HQ_Technical_Services\Projects\Wells\Quaterly_All_Wells_Updates\Process_AllWells.gdb\Template_wgs84 NO_TEST "APINumber "APINumber" true true false 8 Text 0 0 ,First,#,in_memory\AllWells_Excluding_HC,APINumber,-1,-1;WellNumber "WellNumber" true true false 100 Text 0 0 ,First,#,in_memory\AllWells_Excluding_HC,WellDesignation,-1,-1;WellStatus "WellStatus" true true false 1 Text 0 0 ,First,#,in_memory\AllWells_Excluding_HC,WellStatusCode,-1,-1;GISSymbol "GISSymbol" true true false 3 Text 0 0 ,First,#,in_memory\AllWells_Excluding_HC,GISSymbol,-1,-1;OperatorCo "OperatorCo" true true false 5 Text 0 0 ,First,#,in_memory\AllWells_Excluding_HC,OperatorCode,-1,-1;OperatorNa "OperatorNa" true true false 100 Text 0 0 ,First,#,in_memory\AllWells_Excluding_HC,OperatorName,-1,-1;LeaseName "LeaseName" true true false 100 Text 0 0 ,First,#,in_memory\AllWells_Excluding_HC,LeaseName,-1,-1;FieldName "FieldName" true true false 100 Text 0 0 ,First,#,in_memory\AllWells_Excluding_HC,FieldName,-1,-1;AreaName "AreaName" true true false 40 Text 0 0 ,First,#,in_memory\AllWells_Excluding_HC,AreaName,-1,-1;District "District" true true false 1 Text 0 0 ,First,#,in_memory\AllWells_Excluding_HC,DistrictNumber,-1,-1;County "County" true true false 100 Text 0 0 ,First,#,in_memory\AllWells_Excluding_HC,CountyName,-1,-1;Section "Section" true true false 4 Long 0 0 ,First,#,in_memory\AllWells_Excluding_HC,Section,-1,-1;Township "Township" true true false 3 Text 0 0 ,First,#,in_memory\AllWells_Excluding_HC,Township,-1,-1;Range "Range" true true false 3 Text 0 0 ,First,#,in_memory\AllWells_Excluding_HC,Range,-1,-1;BMeridian "BMeridian" true true false 2 Text 0 0 ,First,#,in_memory\AllWells_Excluding_HC,BaseMeridian,-1,-1;Latitude "Latitude" true true false 8 Double 0 0 ,First,#,in_memory\AllWells_Excluding_HC,Latitude,-1,-1;Longitude "Longitude" true true false 8 Double 0 0 ,First,#,in_memory\AllWells_Excluding_HC,Longitude,-1,-1;Elevation "Elevation" true true false 8 Text 0 0 ,First,#,in_memory\AllWells_Excluding_HC,Elevation,-1,-1;TotalDepth "TotalDepth" true true false 8 Double 0 0 ,First,#,in_memory\AllWells_Excluding_HC,TotalDepth,-1,-1;RedrillFt "RedrillFt" true true false 8 Double 0 0 ,First,#,in_memory\AllWells_Excluding_HC,RedrillFt,-1,-1;RedCanFlag "RedCanFlag" true true false 2 Text 0 0 ,First,#,in_memory\AllWells_Excluding_HC,RedrillCancelFlag,-1,-1;Location "Location" true true false 254 Text 0 0 ,First,#,in_memory\AllWells_Excluding_HC,LocationDescription,-1,-1;Comments "Comments" true true false 254 Text 0 0 ,First,#,in_memory\AllWells_Excluding_HC,Comments,-1,-1;GISSource "GISSource" true true false 3 Text 0 0 ,First,#,in_memory\AllWells_Excluding_HC,GISSourceCode,-1,-1;DryHole "DryHole" true true false 1 Text 0 0 ,First,#,in_memory\AllWells_Excluding_HC,DryHole,-1,-1;ConfWell "ConfWell" true true false 1 Text 0 0 ,First,#,in_memory\AllWells_Excluding_HC,ConfidentialWell,-1,-1;DirDrill "DirDrill" true true false 50 Text 0 0 ,First,#,in_memory\AllWells_Excluding_HC,Directional,-1,-1;HydFrac "HydFrac" true true false 1 Text 0 0 ,First,#,in_memory\AllWells_Excluding_HC,HydraulicallyFractured,-1,-1;BLMWell "BLMWell" true true false 1 Text 0 0 ,First,#,in_memory\AllWells_Excluding_HC,BLMWell,-1,-1;EPAWell "EPAWell" true true false 1 Text 0 0 ,First,#,in_memory\AllWells_Excluding_HC,EPAWell,-1,-1;SpudDate "SpudDate" true true false 8 Date 0 0 ,First,#,in_memory\AllWells_Excluding_HC,SpudDate_1,-1,-1;CompDate "CompDate" true true false 8 Date 0 0 ,First,#,in_memory\AllWells_Excluding_HC,CompDate,-1,-1;AbdDate "AbdDate" true true false 8 Date 0 0 ,First,#,in_memory\AllWells_Excluding_HC,AbdDate,-1,-1" #</Process><Process Name="Rename" ToolSource="c:\program files (x86)\arcgis\desktop10.4\ArcToolbox\Toolboxes\Data Management Tools.tbx\Rename" Date="20170316" Time="130103" export="">Rename G:\DOGGR\HQ_GIS_Technical_Services\HQ_Technical_Services\Projects\Wells\Quaterly_All_Wells_Updates\Process_AllWells.gdb\Template_wgs84 G:\DOGGR\HQ_GIS_Technical_Services\HQ_Technical_Services\Projects\Wells\Quaterly_All_Wells_Updates\Process_AllWells.gdb\AllWells_20170316 #</Process><Process ToolSource="c:\program files (x86)\arcgis\desktop10.4\ArcToolbox\Toolboxes\Data Management Tools.tbx\CopyFeatures" Date="20170316" Time="131442">CopyFeatures G:\DOGGR\HQ_GIS_Technical_Services\HQ_Technical_Services\Projects\Wells\Quaterly_All_Wells_Updates\Process_AllWells.gdb\AllWells_20170316 G:\DOGGR\HQ_GIS_Technical_Services\HQ_Technical_Services\Projects\Wells\Quaterly_All_Wells_Updates\2017_Mar\AllWells\AllWells_20170316.shp # 0 0 0</Process></lineage></DataProperties><SyncDate>20170316</SyncDate><SyncTime>14582400</SyncTime><ModDate>20170316</ModDate><ModTime>14582400</ModTime><scaleRange><minScale>150000000</minScale><maxScale>5000</maxScale></scaleRange><ArcGISProfile>FGDC</ArcGISProfile></Esri><dataIdInfo><envirDesc Sync="TRUE"> Version 6.2 (Build 9200) ; Esri ArcGIS 10.4.1.5686</envirDesc><dataLang><languageCode value="eng" Sync="TRUE"/><countryCode value="USA" Sync="TRUE"/></dataLang><idCitation xmlns=""><resTitle Sync="TRUE">AllWells_20170316</resTitle><presForm xmlns=""><PresFormCd value="005" Sync="TRUE"/></presForm><date><createDate>2017-01-17T00:00:00</createDate><pubDate>2017-01-18T00:00:00</pubDate></date></idCitation><spatRpType><SpatRepTypCd value="001" Sync="TRUE"/></spatRpType><dataExt><geoEle xmlns=""><GeoBndBox esriExtentType="search"><exTypeCode Sync="TRUE">1</exTypeCode><westBL Sync="TRUE">-124.363688</westBL><eastBL Sync="TRUE">0.000020</eastBL><northBL Sync="TRUE">41.812961</northBL><southBL Sync="TRUE">0.000002</southBL></GeoBndBox></geoEle></dataExt><idPurp>California Statewide oil and gas wells dataset as of March 16, 2017.</idPurp><idAbs>&lt;DIV STYLE="text-align:Left;"&gt;&lt;DIV&gt;&lt;DIV&gt;&lt;P&gt;&lt;SPAN&gt;The California Department of Conservation, Division of Oil, Gas and Geothermal Resources publishes GIS shapefiles of well locations and its associated records across the state for use by the public. Data provided are in geographic coordinates on the North American Datum of 1983. &lt;/SPAN&gt;&lt;SPAN&gt;Well Attributes include API Number, Operator Well Number, Well Status, GIS Symbol, Operator Code, Operator Name, Lease Name, Field Name, Area Name, District, County, Section, Township, Range, Base Meridian, Latitude, Longitude, Elevation, Total Depth, Redrill Footage, Redrill Cancel Flag, Location Description, Comments, GIS Source, Dry Hole, Confidential Well, Directionally Drilled, Hydraulically Fractured, BLM Well, EPA Well, Spud Date, Completion Date, Abandoned Date.&lt;/SPAN&gt;&lt;SPAN&gt;Well location values were collected using a submeter-accurate gps receiver (i.e., Trimble GeoXT). Some of the data provided herein are also displayed in the Division's WellFinder application (http://maps.conservation.ca.gov/doggr/index.html). &lt;/SPAN&gt;&lt;/P&gt;&lt;P&gt;&lt;SPAN /&gt;&lt;/P&gt;&lt;/DIV&gt;&lt;/DIV&gt;&lt;/DIV&gt;</idAbs><idCredit>Division of Oil, Gas and Geothermal Resources</idCredit><resConst><Consts><useLimit>&lt;DIV STYLE="text-align:Left;"&gt;&lt;DIV&gt;&lt;DIV&gt;&lt;P&gt;&lt;SPAN&gt;The database information may change without notice.The State of California and the Resources Agency make no representations or warranties regarding the accuracy of data or maps. The user will not seek to hold the State or the Agency liable under any circumstances for any damages with respect to any claim by the user or any third party on account of or arising from the use of data or maps. The user will cite the Resource Agency and/or the appropriate Department within the Agency as the original source of the data, but will clearly denote cases where the original data have been updated, modified, or in any way altered from the original condition. There are no restrictions on distribution of the data by users. However, users are encouraged to refer others to the California Digital Conservation Atlas, the California Spatial Information Library or the California Environmental Information Catalog, in case updated data become available. For further information or to make suggestions about the maps, contact the Division of Oil, Gas, and Geothermal Resources, 801 K Street, MS 20-20, Sacramento, CA 95814-3530. If you have any questions or concerns call Jenny Melgo at (916) 322-9265 or email at Jenny.Melgo@conservation.ca.gov.&lt;/SPAN&gt;&lt;/P&gt;&lt;P&gt;&lt;SPAN /&gt;&lt;/P&gt;&lt;/DIV&gt;&lt;/DIV&gt;&lt;/DIV&gt;</useLimit></Consts></resConst><dataChar><CharSetCd value="004"/></dataChar><resMaint xmlns=""><maintFreq><MaintFreqCd value="006"/></maintFreq></resMaint><searchKeys><keyword>Wells</keyword><keyword>Oil and Gas Wells</keyword><keyword>California</keyword></searchKeys><tpCat><TopicCatCd value="005"/></tpCat><tpCat><TopicCatCd value="007"/></tpCat><tpCat><TopicCatCd value="008"/></tpCat><tpCat><TopicCatCd value="013"/></tpCat></dataIdInfo><mdLang><languageCode value="eng" Sync="TRUE"/><countryCode value="USA" Sync="TRUE"/></mdLang><mdChar><CharSetCd value="004" Sync="TRUE"/></mdChar><distInfo xmlns=""><distFormat xmlns=""><formatName Sync="TRUE">Shapefile</formatName><formatVer>ArcGIS 10.4.1</formatVer></distFormat><distTranOps xmlns=""><transSize Sync="TRUE">6.070</transSize></distTranOps></distInfo><mdHrLv><ScopeCd value="005" Sync="TRUE"/></mdHrLv><mdHrLvName Sync="TRUE">dataset</mdHrLvName><refSysInfo><RefSystem><refSysID><identCode code="3857" Sync="TRUE"/><idCodeSpace Sync="TRUE">EPSG</idCodeSpace><idVersion Sync="TRUE">8.8(9.3.1.2)</idVersion></refSysID></RefSystem></refSysInfo><spatRepInfo><VectSpatRep><geometObjs Name="AllWells_20170316"><geoObjTyp><GeoObjTypCd value="004" Sync="TRUE"></GeoObjTypCd></geoObjTyp><geoObjCnt Sync="TRUE">227327</geoObjCnt></geometObjs><topLvl><TopoLevCd value="001" Sync="TRUE"></TopoLevCd></topLvl></VectSpatRep></spatRepInfo><spdoinfo><ptvctinf><esriterm Name="AllWells_20170316"><efeatyp Sync="TRUE">Simple</efeatyp><efeageom code="1" Sync="TRUE"></efeageom><esritopo Sync="TRUE">FALSE</esritopo><efeacnt Sync="TRUE">227327</efeacnt><spindex Sync="TRUE">TRUE</spindex><linrefer Sync="TRUE">FALSE</linrefer></esriterm></ptvctinf></spdoinfo><eainfo><detailed Name="AllWells_20170316" xmlns=""><enttyp><enttypl Sync="TRUE">AllWells_20170316</enttypl><enttypt Sync="TRUE">Feature Class</enttypt><enttypc Sync="TRUE">227327</enttypc><enttypd>California oil and gas wells point feature class</enttypd><enttypds>DOC, DOGGR</enttypds></enttyp><attr><attrlabl Sync="TRUE">FID</attrlabl><attalias Sync="TRUE">FID</attalias><attrtype Sync="TRUE">OID</attrtype><attwidth Sync="TRUE">4</attwidth><atprecis Sync="TRUE">0</atprecis><attscale Sync="TRUE">0</attscale><attrdef Sync="TRUE">Internal feature number.</attrdef><attrdefs Sync="TRUE">Esri</attrdefs><attrdomv><udom Sync="TRUE">Sequential unique whole numbers that are automatically generated.</udom></attrdomv></attr><attr xmlns=""><attrlabl Sync="TRUE">APINumber</attrlabl><attalias Sync="TRUE">APINumber</attalias><attrtype Sync="TRUE">String</attrtype><attwidth Sync="TRUE">8</attwidth><atprecis Sync="TRUE">0</atprecis><attscale Sync="TRUE">0</attscale><attrdef>Unique, permanent number assigned to each well as standardized by the American Petroleum Institute</attrdef><attrdefs>DOGGR</attrdefs></attr><attr xmlns=""><attrlabl Sync="TRUE">WellNumber</attrlabl><attalias Sync="TRUE">WellNumber</attalias><attrtype Sync="TRUE">String</attrtype><attwidth Sync="TRUE">100</attwidth><atprecis Sync="TRUE">0</atprecis><attscale Sync="TRUE">0</attscale><attrdef>Operator-assigned alpha-numeric designation for well</attrdef><attrdefs>DOGGR</attrdefs></attr><attr xmlns=""><attrlabl Sync="TRUE">WellStatus</attrlabl><attalias Sync="TRUE">WellStatus</attalias><attrtype Sync="TRUE">String</attrtype><attwidth Sync="TRUE">1</attwidth><atprecis Sync="TRUE">0</atprecis><attscale Sync="TRUE">0</attscale><attrdef>1-digit code identifying current status of well

A = Active (Well has been drilled and completed)
B = Buried (Older well not abandoned to current standards; location of well is approximate)
I = Idle (Well is idle, not producing, but capable of being reactivated)
N = New (Recently permitted well; in the process of being drilled)
P = Plugged &amp; Abandoned (Well has been plugged and abandoned to current standards)
U = Unknown (Well status not known; mostly older, pre-1976 wells)
</attrdef><attrdefs>DOGGR</attrdefs></attr><attr xmlns=""><attrlabl Sync="TRUE">GISSymbol</attrlabl><attalias Sync="TRUE">GISSymbol</attalias><attrtype Sync="TRUE">String</attrtype><attwidth Sync="TRUE">3</attwidth><atprecis Sync="TRUE">0</atprecis><attscale Sync="TRUE">0</attscale><attrdef>Well Status Code + 2-digit code identifying type of well
     
AI = Air Injector
DG = Dry Gas
GD = Gas Disposal
DH = Dry Hole
GS = Gas Storage
LG = Liquid Gas
OB = Observation
OG = Oil &amp; Gas
PM = Pressure Maintenance
SC = Cyclic Steam
SF = Steam Flood
WD = Water Disposal
WF = Water Flood
WS = Water Source
</attrdef><attrdefs>DOGGR</attrdefs></attr><attr xmlns=""><attrlabl Sync="TRUE">OperatorCo</attrlabl><attalias Sync="TRUE">OperatorCo</attalias><attrtype Sync="TRUE">String</attrtype><attwidth Sync="TRUE">5</attwidth><atprecis Sync="TRUE">0</atprecis><attscale Sync="TRUE">0</attscale><attrdef>Unique, permanent number assigned to each operator</attrdef><attrdefs>DOGGR</attrdefs></attr><attr xmlns=""><attrlabl Sync="TRUE">OperatorNa</attrlabl><attalias Sync="TRUE">OperatorNa</attalias><attrtype Sync="TRUE">String</attrtype><attwidth Sync="TRUE">100</attwidth><atprecis Sync="TRUE">0</atprecis><attscale Sync="TRUE">0</attscale><attrdef>Name of individual or organization responsible for management of well</attrdef><attrdefs>DOGGR</attrdefs></attr><attr xmlns=""><attrlabl Sync="TRUE">LeaseName</attrlabl><attalias Sync="TRUE">LeaseName</attalias><attrtype Sync="TRUE">String</attrtype><attwidth Sync="TRUE">100</attwidth><atprecis Sync="TRUE">0</atprecis><attscale Sync="TRUE">0</attscale><attrdef>Name of Oil &amp; Gas lease in which well is located</attrdef><attrdefs>DOGGR</attrdefs></attr><attr xmlns=""><attrlabl Sync="TRUE">FieldName</attrlabl><attalias Sync="TRUE">FieldName</attalias><attrtype Sync="TRUE">String</attrtype><attwidth Sync="TRUE">100</attwidth><atprecis Sync="TRUE">0</atprecis><attscale Sync="TRUE">0</attscale><attrdef>Name of the oil and gas field in which the well is located</attrdef><attrdefs>DOGGR</attrdefs></attr><attr xmlns=""><attrlabl Sync="TRUE">AreaName</attrlabl><attalias Sync="TRUE">AreaName</attalias><attrtype Sync="TRUE">String</attrtype><attwidth Sync="TRUE">40</attwidth><atprecis Sync="TRUE">0</atprecis><attscale Sync="TRUE">0</attscale><attrdef>Name of area in which well is located</attrdef><attrdefs>DOGGR</attrdefs></attr><attr xmlns=""><attrlabl Sync="TRUE">District</attrlabl><attalias Sync="TRUE">District</attalias><attrtype Sync="TRUE">String</attrtype><attwidth Sync="TRUE">1</attwidth><atprecis Sync="TRUE">0</atprecis><attscale Sync="TRUE">0</attscale><attrdef>DOGGR district with jurisdiction over the location in which well is located</attrdef><attrdefs>DOGGR</attrdefs></attr><attr xmlns=""><attrlabl Sync="TRUE">County</attrlabl><attalias Sync="TRUE">County</attalias><attrtype Sync="TRUE">String</attrtype><attwidth Sync="TRUE">100</attwidth><atprecis Sync="TRUE">0</atprecis><attscale Sync="TRUE">0</attscale><attrdef>County with jurisdiction over the location in which well is located</attrdef><attrdefs>DOGGR</attrdefs></attr><attr xmlns=""><attrlabl Sync="TRUE">Township</attrlabl><attalias Sync="TRUE">Township</attalias><attrtype Sync="TRUE">String</attrtype><attwidth Sync="TRUE">3</attwidth><atprecis Sync="TRUE">0</atprecis><attscale Sync="TRUE">0</attscale><attrdef>Public Land Survey System township in which well is located</attrdef><attrdefs>DOGGR</attrdefs></attr><attr xmlns=""><attrlabl Sync="TRUE">Section</attrlabl><attalias Sync="TRUE">Section</attalias><attrtype Sync="TRUE">Integer</attrtype><attwidth Sync="TRUE">10</attwidth><atprecis Sync="TRUE">10</atprecis><attscale Sync="TRUE">0</attscale><attrdef>Public Land Survey System section number in which well is located</attrdef><attrdefs>DOGGR</attrdefs></attr><attr xmlns=""><attrlabl Sync="TRUE">Range</attrlabl><attalias Sync="TRUE">Range</attalias><attrtype Sync="TRUE">String</attrtype><attwidth Sync="TRUE">3</attwidth><atprecis Sync="TRUE">0</atprecis><attscale Sync="TRUE">0</attscale><attrdef>Public Land Survey System range in which well is located</attrdef><attrdefs>DOGGR</attrdefs></attr><attr xmlns=""><attrlabl Sync="TRUE">BMeridian</attrlabl><attalias Sync="TRUE">BMeridian</attalias><attrtype Sync="TRUE">String</attrtype><attwidth Sync="TRUE">2</attwidth><atprecis Sync="TRUE">0</atprecis><attscale Sync="TRUE">0</attscale><attrdef>(Base Meridian) Principle meridians required for all California surveys; defines PLSS base

H = Humboldt
MD = Mount Diablo
SB = San Bernardino
</attrdef><attrdefs>DOGGR</attrdefs></attr><attr xmlns=""><attrlabl Sync="TRUE">Latitude</attrlabl><attalias Sync="TRUE">Latitude</attalias><attrtype Sync="TRUE">Double</attrtype><attwidth Sync="TRUE">19</attwidth><atprecis Sync="TRUE">0</atprecis><attscale Sync="TRUE">0</attscale><attrdef>Longitude of well in the NAD83 coordinate system; decimal degree format</attrdef><attrdefs>DOGGR</attrdefs></attr><attr xmlns=""><attrlabl Sync="TRUE">Longitude</attrlabl><attalias Sync="TRUE">Longitude</attalias><attrtype Sync="TRUE">Double</attrtype><attwidth Sync="TRUE">19</attwidth><atprecis Sync="TRUE">0</atprecis><attscale Sync="TRUE">0</attscale><attrdef>Longitude of well in the NAD83 coordinate system; decimal degree format</attrdef><attrdefs>DOGGR</attrdefs></attr><attr xmlns=""><attrlabl Sync="TRUE">Elevation</attrlabl><attalias Sync="TRUE">Elevation</attalias><attrtype Sync="TRUE">String</attrtype><attwidth Sync="TRUE">8</attwidth><atprecis Sync="TRUE">0</atprecis><attscale Sync="TRUE">0</attscale><attrdef>Surface elevation of well in feet</attrdef><attrdefs>DOGGR</attrdefs></attr><attr xmlns=""><attrlabl Sync="TRUE">TotalDepth</attrlabl><attalias Sync="TRUE">TotalDepth</attalias><attrtype Sync="TRUE">Double</attrtype><attwidth Sync="TRUE">19</attwidth><atprecis Sync="TRUE">0</atprecis><attscale Sync="TRUE">0</attscale><attrdef>Total measured depth of well bore in feet</attrdef><attrdefs>DOGGR</attrdefs></attr><attr xmlns=""><attrlabl Sync="TRUE">RedrillFt</attrlabl><attalias Sync="TRUE">RedrillFt</attalias><attrtype Sync="TRUE">Double</attrtype><attwidth Sync="TRUE">19</attwidth><atprecis Sync="TRUE">0</atprecis><attscale Sync="TRUE">0</attscale><attrdef>(Redrill Footage) Total vertical depth of redrill in feet</attrdef><attrdefs>DOGGR</attrdefs></attr><attr xmlns=""><attrlabl Sync="TRUE">RedCanFlag</attrlabl><attalias Sync="TRUE">RedCanFlag</attalias><attrtype Sync="TRUE">String</attrtype><attwidth Sync="TRUE">2</attwidth><atprecis Sync="TRUE">0</atprecis><attscale Sync="TRUE">0</attscale><attrdef>(Redrill Cancel Flag) 0, 1, 2, 3 etc. represents the number of re-drills for a well</attrdef><attrdefs>DOGGR</attrdefs></attr><attr xmlns=""><attrlabl Sync="TRUE">Location</attrlabl><attalias Sync="TRUE">Location</attalias><attrtype Sync="TRUE">String</attrtype><attwidth Sync="TRUE">254</attwidth><atprecis Sync="TRUE">0</atprecis><attscale Sync="TRUE">0</attscale><attrdef>Optional comments about well location</attrdef><attrdefs>DOGGR </attrdefs></attr><attr xmlns=""><attrlabl Sync="TRUE">Comments</attrlabl><attalias Sync="TRUE">Comments</attalias><attrtype Sync="TRUE">String</attrtype><attwidth Sync="TRUE">254</attwidth><atprecis Sync="TRUE">0</atprecis><attscale Sync="TRUE">0</attscale><attrdef>Optional comments about the well</attrdef><attrdefs>DOGGR</attrdefs></attr><attr xmlns=""><attrlabl Sync="TRUE">GISSource</attrlabl><attalias Sync="TRUE">GISSource</attalias><attrtype Sync="TRUE">String</attrtype><attwidth Sync="TRUE">3</attwidth><atprecis Sync="TRUE">0</atprecis><attscale Sync="TRUE">0</attscale><attrdef>3-digit code describing the method by which the well location was established

(Ranked from most accurate to least accurate)

GPS = Global Positioning System (Coordinates derived from Division staff and Trimble GPS unit)
OPR = Operator (Coordinates provided by Operator via electronic format; ex. Excel, db, etc.)
SUM = Well Summary Report (Coordinates provided by Operator, post-drilling, on SUM)
NOI = Notice of Intent to Drill (Coordinates provided by Operator, pre-drilling, on NOI)
DOQ = Digital Ortho Quad (Coordinates derived from aerial imagery)
MIP = MapInfo Plotted (Coordinates generated from tool in MapInfo using corner call locations)
HUD = Heads Up Digitized (Coordinates derived from scanned, georeferenced Mylar maps)
</attrdef><attrdefs>DOGGR</attrdefs></attr><attr xmlns=""><attrlabl Sync="TRUE">DryHole</attrlabl><attalias Sync="TRUE">DryHole</attalias><attrtype Sync="TRUE">String</attrtype><attwidth Sync="TRUE">1</attwidth><atprecis Sync="TRUE">0</atprecis><attscale Sync="TRUE">0</attscale><attrdef>Well never produced commercial quantities of hydrocarbons

N = Not a Dry Hole
Y = Is a Dry Hole
</attrdef><attrdefs>DOGGR</attrdefs></attr><attr xmlns=""><attrlabl Sync="TRUE">ConfWell</attrlabl><attalias Sync="TRUE">ConfWell</attalias><attrtype Sync="TRUE">String</attrtype><attwidth Sync="TRUE">1</attwidth><atprecis Sync="TRUE">0</atprecis><attscale Sync="TRUE">0</attscale><attrdef>(Confidential Well) Subsurface information for well is held confidential for a period of two years pursuant to Public Resources Code section 3234</attrdef><attrdefs>DOGGR</attrdefs></attr><attr xmlns=""><attrlabl Sync="TRUE">DirDrill</attrlabl><attalias Sync="TRUE">DirDrill</attalias><attrtype Sync="TRUE">String</attrtype><attwidth Sync="TRUE">50</attwidth><atprecis Sync="TRUE">0</atprecis><attscale Sync="TRUE">0</attscale><attrdef>(Directionally Drilled) Indicator of whether well was directionally drilled

NULL for confidential wells
</attrdef><attrdefs>DOGGR</attrdefs></attr><attr xmlns=""><attrlabl Sync="TRUE">HydFrac</attrlabl><attalias Sync="TRUE">HydFrac</attalias><attrtype Sync="TRUE">String</attrtype><attwidth Sync="TRUE">1</attwidth><atprecis Sync="TRUE">0</atprecis><attscale Sync="TRUE">0</attscale><attrdef>(Hydraulically Fractured) Indicator of whether well received hydraulic stimulation treatment

N = Well did not receive hydraulic stimulation treatment
Y = Well received hydraulic stimulation treatment
</attrdef><attrdefs>DOGGR</attrdefs></attr><attr xmlns=""><attrlabl Sync="TRUE">BLMWell</attrlabl><attalias Sync="TRUE">BLMWell</attalias><attrtype Sync="TRUE">String</attrtype><attwidth Sync="TRUE">1</attwidth><atprecis Sync="TRUE">0</atprecis><attscale Sync="TRUE">0</attscale><attrdef>Bureau of Land Management exercises jurisdiction of well

N = Not a BLM well
Y = Is a BLM well
</attrdef><attrdefs>DOGGR</attrdefs></attr><attr xmlns=""><attrlabl Sync="TRUE">EPAWell</attrlabl><attalias Sync="TRUE">EPAWell</attalias><attrtype Sync="TRUE">String</attrtype><attwidth Sync="TRUE">1</attwidth><atprecis Sync="TRUE">0</atprecis><attscale Sync="TRUE">0</attscale><attrdef>Environmental Protection agency exercises jurisdiction of well

N = Not an EPA well
Y = Is an EPA well
</attrdef><attrdefs>DOGGR</attrdefs></attr><attr xmlns=""><attrlabl Sync="TRUE">SpudDate</attrlabl><attalias Sync="TRUE">SpudDate</attalias><attrtype Sync="TRUE">Date</attrtype><attwidth Sync="TRUE">8</attwidth><atprecis Sync="TRUE">0</atprecis><attscale Sync="TRUE">0</attscale><attrdef>Date on which well drilling commenced</attrdef><attrdefs>DOGGR</attrdefs></attr><attr xmlns=""><attrlabl Sync="TRUE">CompDate</attrlabl><attalias Sync="TRUE">CompDate</attalias><attrtype Sync="TRUE">Date</attrtype><attwidth Sync="TRUE">8</attwidth><atprecis Sync="TRUE">0</atprecis><attscale Sync="TRUE">0</attscale><attrdef>(Completion Date) Date on which wellhead oil &amp; gas production equipment was installed</attrdef><attrdefs>DOGGR</attrdefs></attr><attr xmlns=""><attrlabl Sync="TRUE">AbdDate</attrlabl><attalias Sync="TRUE">AbdDate</attalias><attrtype Sync="TRUE">Date</attrtype><attwidth Sync="TRUE">8</attwidth><atprecis Sync="TRUE">0</atprecis><attscale Sync="TRUE">0</attscale><attrdef>(Abandoned Date) Date on which well was plugged &amp; abandoned to Division standards</attrdef><attrdefs>DOGGR</attrdefs></attr><attr xmlns=""><attrlabl Sync="TRUE">Shape</attrlabl><attalias Sync="TRUE">Shape</attalias><attrtype Sync="TRUE">Geometry</attrtype><attwidth Sync="TRUE">0</attwidth><atprecis Sync="TRUE">0</atprecis><attscale Sync="TRUE">0</attscale><attrdef Sync="TRUE">Feature geometry.</attrdef><attrdefs Sync="TRUE">Esri</attrdefs><attrdomv><udom Sync="TRUE">Coordinates defining the features.</udom></attrdomv></attr></detailed></eainfo><mdDateSt Sync="TRUE">20170316</mdDateSt><mdContact xmlns=""><rpIndName>Lian Duan</rpIndName><rpOrgName>Division of Oil, Gas, and Geothermal</rpOrgName><rpPosName>RPS 2 GIS</rpPosName><role><RoleCd value="006"/></role></mdContact><mdMaint xmlns=""><maintFreq><MaintFreqCd value="006"/></maintFreq></mdMaint></metadata>
