"2011-Jan","2011-Feb","2011-Mar","2011-Apr","2011-May","2011-Jun","2011-Jul","2011-Aug","2011-Sep","2011-Oct","2011-Nov","2011-Dec","2012-Jan","2012-Feb","2012-Mar","2012-Apr","2012-May","2012-Jun","2012-Jul","2012-Aug","2012-Sep","2012-Oct","2012-Nov","2012-Dec","2013-Jan","2013-Feb","2013-Mar","2013-Apr","2013-May","2013-Jun","2013-Jul","2013-Aug","2013-Sep","2013-Oct","2013-Nov","2013-Dec","2014-Jan","2014-Feb","2014-Mar","2014-Apr","2014-May","2014-Jun","2014-Jul","2014-Aug","2014-Sep","2014-Oct","2014-Nov","2014-Dec","2015-Jan","2015-Feb","2015-Mar","2015-Apr","2015-May","2015-Jun","2015-Jul","2015-Aug","2015-Sep","2015-Oct","2015-Nov","2015-Dec","2016-Jan","2016-Feb","2016-Mar","2016-Apr","2016-May","2016-Jun","2016-Jul","2016-Aug","2016-Sep","2016-Oct","2016-Nov","2016-Dec"
1878790,1669843,1804258,2131545,2027555,1794942,1972106,2268464,2621221,3323561,4071558,4377176,4182288,3778853,4355965,3871018,3688153,3424019,4215203,3901180,3599331,3973432,3844089,3833988,4080586,3309724,3625196,3606342,4085734,3732064,3634779,3385410,3024118,3213424,3347711,3162393,2726268,2454896,2753840,2677754,2781463,2540376,2554121,2788657,2975011,2993163,2854549,2648182,2559652,2254405,2522445,2220029,2311397,2176182,2386128,2474481,2356145,2187455,2017673,2012081,2230553,2042277,1931265,1729956,1566137,1520222,1577097,1597514,1455789,1532578,1603973,1611744
15155.21,8895.39,0,0,194536,155251,143634.24,188742,294711,592360.21,727177,703914.98,588067,556324,522527,405860,384341,308779,345811,280789,263427,263111,319192,361957,413277,310861,306080,371506,215920,235818,240816,211563,291248,447582,379965,354052,315438.15,292972.71,268838.97,261950.47,208145.32,199345,218965,232257,112695,112902,97954,114987.93,144207.72,152803.88,175682.55,142593,145331,145158,146305.73,159773,147449,156518,124142,104810.91,114427,102618,169067,102953,74291,85336,138203,152479,168143,141803,63946,66779
266442,202970,322388,338278,294776,313293,488665,552304,576515,543066,519165,465623,414018,312149,378556,392399,365039,382996,463371,420498,463724,484727,437745,652231,610752,482182,780286,794969,791894,773365,720561,715812,750295,921114,966396,941620,878099,827530,822731,754706,768906,639443,828022,658543,611901,662404,527127,484933,444614,474539,492073,498675,419385,374151,327189,323570,311591,341559,311512,240677,266108,289821,290442,251675,235743,241021,253024,250215,229997,222836,213333,206022
40475,38694,37003,35394,33866,32415,31035,29724,22254,17335,21611,20389,24341,23311,22332,21401,20517,19678,18879,18119,13809,10971,13433,12723,16672,16660,16649,16638,16627,16616,16605,16594,103530,273885,254363,345827,186177,368468,533001,568337,432691,309075,446308,411970,472204,452082,433781,298565,311556,224620,192578,167644,223379,217785,229836,129495,47469,25299,34769,64360,27296,52777,19220,24413,19220,10800,11160,11160,10800,11160,10800,11160
83771,75955,83927,80734,77394,70253,80039,82955,80642,90696,94260,91264,116213,113804,147812,162853,146369,157607,198313,231193,305775,356697,400347,413462,105735,99085,113722,106129,131635,134837,145428,146311,143670,201222,199842,351786,508836,440412,489528,482187,473497,433457,431454,472682,606447,625393,544043,516034,491875,411727,506850,395660,402083,390287,388946,376774,356609,402339,382026,328006,340941,271695,294782,260018,276838,270839,249276,277730,283649,270684,257375,252596
1089667,1007117,1098303,890182,987479,1022734,1137050,1092175,1005786,1068994,906115,903305,869171,872703,906248,1007234,1049990,1138030,998387,856007,1031743,818612,892494,958562,1009797,629972,789001,988717,1212324,1145266,1279589,1343121,1119396,1065164,1178845,1154803,1296289,997171,1548757,1443004,1129116,935078,1154729,1257951,1196919,1372507,1457025,1664600,1611807,1438391,1920692,1607540,1540218,1211291,1076227,1019663,1417283,1756220,1410786,1343511,1292266,1329513,1471261,1584951,1912536,1687632,1565171,1204565,1155974,1144784,1286451,853388
832851,309225,449129,746385,746080,741789,867312,810354,748980,747255,602572,911812,757772,724384,790774,915274,1159761,911005,1005685,797914,1604321,1905392,1599371,1984567,2667280,2097685,2499489,2647578,2750204,2829548,3074279,3046857,2501744,2603460,2565073,2257611,2759284,2083537,2632303,2869815,2996079,3077085,3601420,3439830,3754764,3542644,2927740,3610422,2500460,2831386,3537160,3596243,3320922,3535857,3734483,3554223,3259773,3355720,3013309,3155239,3603601,3125138,3412331,3181636,2858344,2946199,3064104,3110010,3128578,3276354,3392257,2989907
6252.4,5480,6597.4,6082.3,5346.5,3673.9,3264.7,3446,3090.1,7523.7,0,140,2638,2518,240252,284524,250492,214370,247324,364170,713088,1536323,2639333,3360160,3620194,3546674,4146313,4304383,4944559,5164630,5727509,5353930,6615161,6981695,7110533,6570101,6093479,5937214,6941820,6566462,7002900,6630748,7886241,8295358,8054489,8672749,8838505,9043899,8732535,8067434,8807833,8406627,8521333,7885158,8074760,7823491,7516755,7868536,7169747,6414686,6865426,6395906,6664032,6046383,5762498,5355747,5334650,5920031,5595104,5547382,5095611,5380110
139351,114828,126721,126542,125446,216432,198028,168516,163052,215842,196444,158193,222077,505379,613651,816808,1308905,1758885,1970451,2098029,2686145,3396976,3332952,3520882,3198016,3025400,3912859,4520594,4394276,4101085,5090417,5131924,6272389,6529445,6031699,6052864,6107802,5631550,6359588,6014294,5835910,6223788,6095989,6797015,6573877,7273106,7115329,7544823,7338060,6069115,6941886,6709551,6296393,6143933,6021711,5859357,5519563,5741903,4922724,5180444,5085629,4190743,4279588,3778918,3972779,3745350,3799841,3591377,3349829,3844243,3632647,3623100
317811.4,321453.4,400706.8,336415.3,459642.6,498985.3,518245.3,426810.8,499559.8,486312.7,477339.3,509153.3,566786,664936,714677,578026,663593,785149,802491,976213,877351,1077814,1010924,891745,850830,747832,802207,755211,830361,640032,554377,653182,589732,837905,861306,791614,745104,620192,985396,791383,712094,651098,696244,734354,636525,662473,654909,591537,584797,496944,558485,629472,552242,928737,521032,523045,510514,511689,478933,380247,406026,399361,443704,453224,371721,353553,408557,385580,332055,393995,342564,310768
154717,133717,221844,240042,321806,362541,347667,302560,390358,477903,523828,489201,561163,540815,950481,724453,915573,1111694,975847,959134,933339,1162142,1121068,1405727,1365134,1185206,1184453,1245726,1461392,1153325,1093476,1291320,1212477,1197700,1139706,1009077,984334,882718,1031046,1104493,1131956,970682,1155878,1078816,1121531,1003677,980611,970520,861349,755478,787678,715840,696963,647649,653744,639415,586111,580205,514093,456695,449818,431503,449386,371799,414067,427098,396933,435002,406246,450999,421585,412608
69312,101949,188186,115287,171602,178393,140472,145358,125631.5,146419.5,104496.5,106083.5,70927,58058,69785,44172,26043,42885,62510,84038,106492,110268,111317,171471,246823,281675,627639,500851,435205,164452,276276,807647,807474,841868,699774,475594,887431,1006526,1242771,1127412,967943,849815,803106,748899,650690,542445,542443,524987,728339,756017,826079,713892,630146,533351,521292,355758,333691,354688,271075,191470,160030,185770,208828,204623,350871,304635,327226,366535,333779,313766,354420,325202
352491.67,326724.67,324018.67,349360.67,321147.67,341449.67,336445.67,324071.67,349883.67,325844.67,362426.67,356309.67,351486,370651,364014,404205,321333,374910,497369,456245,658196,885461,700446,802324,658162,413524,579679,616128,686809,671827,658485,681793,660726,713611,613914,643971,654156,554991,569162,589825,568581,540941,576620,550065,513688,555878,503462,547144,596295,574352,626113,697223,551609,624288,616688,782574,607629,623657,547384,547812,568301,525352,494465,373603,361075,299679,319205,349571,351332,367016,436621,334304
66671.87,44292.86,56179.17,41357.79,44345.23,44678.11,44284.45,48026,36491.21,49782.82,58405.65,103004.6,104522,65644,71653,47896,59196,152356,138955,122011,117468,151801,94837,52210,52349,41844,56321,64080,58780,42455,63085,45605,33727,34549,31123,25061,28107.17,22308.23,29426.21,26987.36,29010,33083.59,30313.8,33618.53,32247.43,29746.02,36982.49,111468.62,134575,140761,165443,120065,123971,95288,104693,88195,51989,29817,29769,61629,35046,33694,77387,64738,152216,412621,539606,298458,478098,360818,476565,397099
1457300,1440825,1389205,1609216,1755379,1570709,1594159,1412980,1484551,1658274,1602655,1800937,1734005,1403182,1448859,1522758,1797993,1617077,2538863,2459603,1694776,1621923,1998235,2218146,2066880,1388682,1531952,1738655,1655761,1589138,1641826,1870809,2122037,2039221,1976158,2026633,1963394.25,1668625.06,2081254.51,2260907.24,2286991.93,2413518.87,2713517.75,2732784.42,2760774.47,3118409.14,2884327.99,2951277.31,1706995.04,2378423.45,2942858.6,3096429.35,3714000.16,3517807.47,3582220.24,3585028.04,3275962.67,2610604.69,3032912.54,3077307.53,3624313.49,2969974.03,3328806.31,2989554.12,3170436.24,2682253.42,2853065.54,2290164.48,2632406.92,2602505.7,2470862.96,2193645.28
76896.3,70805.3,78933.3,91901.3,82672.3,20066.3,13273.3,15143.3,105687.3,155778.3,423381.3,429537.3,331425,215784,450147,586026,475583,330616,581280,515082,598745,482975,447251,797302,725513,688555,675746,952760,1244884,1536775,1515654,1717287,1130216,1462895,1604755,1285588,1247534.3,1120533.3,1449838.3,1385533.3,1681446.3,1542221.3,1758410.3,1734080.3,1698174.3,1669626.3,1678555.3,1850641.7,1589959,1863861,2364042,2138201,2171398,1941129,2367549,2271493,1848091,1825137,1322561,576994,701780,731891,1086339,953559,1017512,904656,1150733,1073172,1027339,1070547,1065114,1041483
1112810,726804,864695,453642,984107,721553,403764,935866,1083461,1011848,1096095,1023876,988125,726432,733239,941105,1197469,1082283,1140504,1019280,1183411,1063069,908171,862339,1027436,951003,847119,1059002,1318456,1278965,1136177,1185614,1154465,1155068,1122568,1356053,1630342,1437482,1553665,1325114,1235088,1533012,1235507,1372594,1470373,1294388,1343798,1205162,762095,501976,683591,699793,823481,619443,720467,746159,811192,750469,341285,413644,517680,557078,584089,400972,458095,585491,587738,578706,595583,630986,520611,558223
240128,28727,224579,200682,205200,206721,237219,240518,343552,380135,433104,564810,280038,483780,550761,501644,531316,439282,363874,369988,433938,514018,527014,411811,941641,648754,757197,648322,726769,861397,892295,881185,1253811,1125375,812107,527918,1114768,1060216,1266164,1502833,1964803,2309863,2479929,2250203,3098091,3806311,3430192,3913157,3666507,3106859,3441497,2753195,3062713,3307443,3326763,3096070,3035355,2785458,2417062.8,1934113,1919302,1590700,1505127,1254217,1370304,1294360,1245331,1327561,1302058,1281175,1147693,930022
133672,108294,167856,201143,146035,205076,287010,392312,337831,335659,379074,331650,306767,275471,292884,320857,246657,470413,534009,667014,703379,680934,1009033,1127640,1134236,857080,983053,1010679,946479,885303,946603,999124,1146122,1287285,1375160,1510611,1318418,1261205,1659726,1703391,1850300,1829132,2078076,2981861,3149416,3206157,2880265,3139217,2628784,2749333,3162333,3074731,2896940,2792784,2786079,2612760,2498040,2521255,2219098.3,2176559,2272469,2139161,2063044,2001536,1925265,1644807,1546142,1531507,1495838,1549103,1416444,1509768
236935,262677,280261,449137.3,294971,290534,248238.2,253768,261206.3,298120.19,328546.66,399363.2,409183,321726,280393,304530,395927,424603,442648,417665,446669,493640,489221,521273,569654,499168,591795,769422,699859,490385,477521,566673,470463,536235,433560,545422,621750,697611,1044578,925423,1087335,1042677,1059482,1183831,1148881,1064295,950256,771702,925976,1023575,1006406,1017617,1003022,1017715,947175,1019678,964343,870514,737464,670754,757240,787428,830523,730425,701446,675760,615946,636982,538559,554821,512758,525492
1303059.83,1148640.83,1249576.83,1223305.83,1170999.83,1146938.83,1233414.83,988213.83,1196490.83,1276745.83,1270625.83,1315708.87,1288332,1222522,1141986,1192650,1308290,1512649,1673431,2138718,2473938,3006888,3173664,2964080,2491789,2267573,3072598,3206693,3399142,3509134,3567201,3391135,3113837,3154122,3047714.3,3183555,3035600,2723464,3041330,2992900,3238764,3180970,3220467,3119079,2851247,2991916,2974987,3112687,2976045,2678380,2878611,2732182,2775420,2658315,2734985,2707561,2628234,2662745,2587280,2371283,2672532,2572471,2625028,2270354,2355380,2099785,2181279,2152154,1954473,1868584,2055697,2055404
2000765.91,1681385.91,2112797.91,1841512.91,1900848.91,1976852.91,1913477.91,1666438.91,1794814.91,1965924.91,1855113.91,1901059.49,1842130,1871856,2080263,2013393,1963689,1953556,1899046,1927587,2052598,2165928,1966644,2195524,2277405,2120446,2625859,2402921,2509570,2277508,2510068,2773016,2527199,2651935,2508596,2443895,2521692,2351093,2482257,2391443,2379321,2212345,2445863,2496626,2423743,2607146,2414104,2459711,2498424,2345832,2370509,2269422,2486748,2432205,2246816,2177909,2184580,2164428,1971719,1850833,1892837,1810303,1979572,1849263,1873557,1709527,1852377,1813422,1774953,1805872,1856888,1896731
900,1680,1860,2417,3785,1053,1065,8880,2366,12741,169304,297016,136221,123215,142638,338192,364532,349745,337607,333341,322132,244115,318725,319599,31114,52206,50042,45229,70877,160303,202379,206389,394811,233853,265934,268641,229454,168057,225780,189661,192183,171686,240545,326347,274038,205193,166428,195218,171815,199809,218484,216651,233062,166376,107663,118867,193068,226334,222709,186381,88424,101741,100327,86256,96010,91209,88835,97227,21471,9946,10318,10840
41227,30084,43091,37257,21970,10555,21586,31407,27475,29601,23969,25473,29741,26346,26477,28508,23990,15416,13895,13546,12742,12007,11632,11622,11527,9865,30514,154467,101995,132664,169237,155390,122059,207860,272236,315290,322463,280674,295801,255541,181688,153674,242312,469198,457548,442349,427243,411806,437725,383370,430148,408495,361003,378171,429127,423617,378290,417338,408447,320603,360212,291084,315314,286991,244127,269057,215614,349891,234361,165332,142898,78212
110312,97716,115271,109072,108624,96810,101169,104840,93958,96895,94257,83744,95859,85608,60434,79450,91119,116653,92607,77674,72335,78683,67118,81830,58290,38805,69461,62457,62505,62955,61118,50847,0,0,0,0,7899,39021,35095,54235,1633,58707,57227,39450,59526,66410,1259,3128,6386,41800,55154,53269,53384,55616,50368,58439,49485,54903,43686,38530,40370,44077,39870,31511,37274,35716,35586,48949,85365,93254,104583,78705
67603,48734,67122,42565,51287,52847,30730,70617,51139,77989,104409,82786,90335,112220,214702,81802,62532,59298,93297,74324,54823,88765,80470,82569,79555,58805,79767,87588,78340,61016,70108,73134,101410,95781,91948,103469,115791,88736,90955,95018,95561,88168,87993,64841,88212,88135,88707,91985,71022,65426,66080,66644,70028,73974,70176,64980,57204,54825,53193,53364,64863,64104,70642,48697,60971,53632,63809,66329,93595,64388,62866,59692
106525,70080,116528,95044,96568,95767,92126,82149,95566,99569,108123,78926,102970,85660,96295,88607,84570,89837,101152,88197,64119,111094,66971,76628,63031,49552,60953,81559,81971,75920,83785,75948,74636,80464,90557,74518,83221,66989,80264,92279,58318,50374,78998,85367,89350,83295,106484,145675,116431,114144,128705,117492,111413,134062,137086,134656,104466,135108,112802,110815,115810,116712,140508,135035,128361,105054,111559,115302,105457,122718,124467,134398
143623,116209,119052,33347,145662,112291,147377,164979,163033,199806,183207,189202,193081,184368,163123,98684,167564,157173,198004,182302,151974,196464,146388,155840,127606,124063,121783,139629,117302,153723,138995,146497,146014,162893,145365,154014,159463,151119,155788,145831,132832,114779,64146,163630,270344,154726,168163,165267,162399,147242,169662,186116,164726,154869,153165,141203,102762,147530,126027,101631,89446,128876,151907,135300,124052,115438,131221,89769,73610,28356,36339,50904
6456,7167,10407,7663,10242,9726,10416,13002,13108,13309,12566,13290,10098,12790,10615,13200,13668,12791,12090,13462,14211,13074,9088,9205,7608,6890,8400,6919,9066,7353,7850,9976,9369,8717,6655,6175,6921,6028,7272,8192,5838,12784,27768,67254,48192,37440,38380,39326,36501,30271,33344,33530,31430,29774,31394,17262,5125,19555,18561,33135,39267,32219,30085,24701,5053,5105,4319,8179,9034,10135,8039,8066
0,0,0,18512,20045,19500,119704,38692,32892,3591,17003,14967,6320,5194,8587,7480,3298,1886,0,869,4537,6221,5515,14468,18778,6083,7207,7693,12228,2142,3536,5391,4083,4556,2557,4067,5706,24910,13200,4574,38252,19452,82351,62828,23317,82871,97528,46758,13191,24445,16117,6298,3221,3028,2922,2605,2505,3054,2882,2563,2905,2541,2217,1740,1798,1809,1862,3510,2684,2567,1148,1975
11714,8485,11251,10137,10434,12124,12027,12327,12913,12829,10432,7749,11158,9910,11692,13979,15661,12247,14470,17358,14382,13191,9080,11094,9650,8531,10185,10806,16520,11644,11924,14604,14395,14366,11577,9926,12464,16647,80931,122643,89066,126979,245179,232781,247354,263715,219028,285007,256631,218447,195936,155388,148442,159053,183199,165891,167353,156470,124992,109411,125117,134192,129657,107217,118438,122395,106855,105904,96828,97762,92548,65439
1203054.9,999971.43,1127510.9,1111493.23,1138181.87,1094858.97,1150743.9,1046267,1079768.8,1098450.1,1027563.8,1052869.9,170042,1000322,980069,1064461,1099086,1058995,1117606,1091450,1089094,1085721,1127643,1141751,1115995,999597,1141977,1266850,1341922,1182596,1153928,1044675,1077043,1193648,1085214,1184572,1222351,1002335,1183818,1215149,1111448,1137998,1213348,1281991,1199150,1253780,1174124,1215839,1250413,1125155,1127580,907463,940465,880799,907270,783297,510800,464807,474426,402636,660819,583716,582078,456045,486218,447411,455143,368936,419893,548227,573448.3,582255
1237063.16,987146.16,1182858.16,1199564.16,1218140.16,1166214.16,1208448.16,1170103.16,1202551.16,1243321.16,1157109.16,1177872.24,1106038,1039327,1242301,1291377,1139929,1088469,1132222,1121655,1094930,1088355,988552,1021042,1317106,1157586,1410100,1367015,1337946,1381884,1374035,1352192,1298743,1320548,1274577,1284459,1267380.26,1173548.4,1328937.31,1236168.19,1307033.33,1270394.31,1282905.36,1283030.9,1252751.1,1331895.29,1302329.81,1352931.48,1284129.9,1169891.26,1198294.36,1177745.62,1174743.6,1166413.76,1166627.79,1078369.93,1053870.62,1065595.76,959049.36,967740.14,880382.4,794964.43,803856.62,687188.52,783808.24,631070.65,627181.43,636196.47,534525.63,577751.19,547768.81,548616.62
105111,83367,88894,77268,76810,83885,93748,142127,163560,162188,158292,203434,282383,286733,269732,355374,397302,373980,353913,363140,373796,311127,358025,332910,146124,130180,227739,220218,192075,384036,496545,596552,773184,741705,638977,1042498,1124570,955995,1217519,1391715,1420010,1601563,1604035,1465820,1677334,1683737,1587001,1594343,1553180,1365526,1493959,1334791,1279575,972340,1169041,1259024,1200718,1142406,1026557,977862,958819,716543,903116,939132,953246,930368,879015,807755,871772,907760,851361,793176
337516,272951,367116,325413,346011,309707,338168,344522,354175,398615,369533,362992,341693,359057,333902,277483,371565,383642,472367,493871,485524,634427,809228,891730,853940,1017805,1168047,966256,1239366,1126860,1249198,1225279,886614,1305027,1321419,1178552,653977,577012,590295,566455,650533,673262,695718,690125,858213,872322,781068,815461,817547,704052,715950,710644,707384,664630,631677,604693,643360,687851,643944,528030,798715,694403,711322,626065,528539,558104,545179,713508,222691,173707,182610,206224
84345,68621,47982,83378,113203,96519,79557,78919,54450,76349,79828,95388,81786,61041,74033,78926,90623,102066,267785,324189,234458,228684,289179,297667,361887,321920,336774,293231,282653,253700,293638,326066,255352,244867,266168,261623,271600,225106,177920,223399,261792,234568,301048,283889,249678,364055,356571,287766,280257,248574,214295,216899,297511,255086,250978,246896,230034,165124,191622,193063,280578,247971,296436,233231,214794,189326,222707,261526,93346,163854,157488,169949
29172,23316,29172,24720,27172,24220,25172,25672,25720,28672,26720,28672,21492,27538,25992,30970,105197,114370,106588,56088,88462,167464,209976,190625,63938,53559,53744,61604,49825,55864,66609,87913,47985,47114,112438,64188,45305,30916,48012,50550,154178,82928,79809,68115,134329,140722,75806,55332,50474,44182,29679,28020,32079,31890,29579,32679,84225,93687,73330,62189,39647,44363,50635,45200,41171,29620,45421,37157,33390,26802,27540,43150
18373,10303,18590,23621,34914,20021,11283,23531,26326,34659,43289,34499,37535,22604,105177,56285,51276,42541,26040,25943,23924,45737,55962,30165,30810,19164,21808,52997,72045,48908,43490,38962,82966,62104,29218,69409,71616,42591,38397,39077,57362,56622,57671,87879,55946,106548,102263,75586,60558.23,49512.88,61176.57,58601,76980.34,100783.9,101160.8,70986.41,42938,37252,32987,42845,39064,38150,64587,71931,87025,129970,90557,104034,92501,123216,154535,169240
53937,57320,77315,68554,83398,77480,115343,117421,110969,128116,124778,115581,99462,80389,97575,123011,98263,49277,38124,31665,25602,31406,48953,49513,39775,28880,39974,32742,32109,27736,36909,25801,20906,31532,19952,20862,24243,20431,23182,25942,27153,30330,38908,58911,50202,45782,43059,63698,48508,48231,80076,69785,60429,34546,34559,24143,51297,51717,54749,66407,78738,110107,134655,102276,85832,67109,56638,55444,92610,119534,109058,92509
62842,63439,66805,67353,73101,75373,69446,68915,69443,49003,52824,53450,40301,41946,37466,30434,30288,26136,18374,18375,18375,22793,22804,22804,29503,16530,28562,26267,27806,23600,26288,26787,25062,26800,20289,18075,18460,18332,18420,29634,29865,29798,49651,49640,49672,53821,53782,53766,388,315,390,329,349,1654,388,304,305,247,51861,62965,66330,61216,56452,32189,34008,32184,32276,49413,90155,88979,68906,19521
552825,401303,576522,593895,587784,581218,594570,571670,582899.59,550345,601331,613356,599223,580600,488725,531952,576575,573099,623306,477877,595103,545044,539497,485605,286663,216680,231126,444918,550460,567622,455153,465631,520618,556681,539237,438117,694120,634395,602281,589259,639174,683964.2,709759.6,655021.8,658245.11,687026.22,639006.5,710080.34,654577,637771.18,598411.34,508969.75,550993,387525.59,446116.5,4378694,550729,513157,418979.5,376534.5,407917.5,483175.5,584733,528701.5,542706,506586,519301,397541.5,494042,540705.5,503952.75,366382
102300.23,66425.59,103055.34,84887.1,80656.42,85572.08,99728.05,90869,108440.78,97138.22,98436.42,106380.22,110482,94142,87294,84985,90803,96729,83425,153402,129939,163939,231297,305890,166251,265754,321941,210616,405694,470497,513642,410621,434920,501269,649642,1902622,619939.35,572225,681541,723419.62,671861,542148.59,650407,726513,684215.7,632813.8,635334.5,827273,847060,781662,677290,740042,660414.5,589022.41,521983,544003.37,483382,476078,491789.64,500829,521635,486639,549993.8,666304,603092,465880,450998.27,462836,479521,500495,469756.61,478163
91557,93260,147139,125496,116745,122202,139910,129896,151977,197009,188820,195352,209677,205355,207806,197664,201192,205990,201059,267900,328644,337280,347554,348344,248808,207755,247301,378364,381302,306704,302645,313572,275862,289037,337910,537193,717183,666668,707942,697268,591873,615480,868621,1113753,1163295,1022272,1147450,1169787,1025643,851084,877882,777942,700726,511302,513748,641382,602958,537253,495806,396314,417228,359904,357127,275622,330472,321100,307956,322208,295464,342864,343277,315505
392809.93,326596.84,422487.93,369843.9,382776.93,419086.9,426863.93,405880.93,427926.9,472700.93,431296.9,417024.93,446434,418837,459207,470137,569448,525590,531409,490509,526074,564616,568438,566257,547654,485455,600673,561879,546661,552833,840555,801776,977735,946899,968908,834366,953499,1119515,1255918,1344151,1329655,1848060,1583208,1598031,1637778,1924874,1792224,1756226,1818331.36,1614780.68,1670571.36,1605209.8,1590359.36,1631785.8,1831703.36,1798326.36,1378707.8,1245214.36,1200077.8,1210414.36,1181076.39,1121186.01,1058903.89,1130932.7,1114978.39,911610.7,850514.39,937323.39,842030.7,807295.39,790893.2,717568.39
80875,72089,79279,79317,69274,69932,71151,68314,68650,76864,71026,76130,68169,62049,67220,70748,65045,83698,105542,120890,242617,254239,301312,232028,281503,349069,484277,478740,659525,538399,714854,737300,907303,1081717,1541338,1619024,1503745,1079927,1493848,1886345,1891633,1974458,2108065,2278672,2328561,2288779,2251130,2308766,2305492,2083547,2200281,1978084,1919139,1649229,1779641,1709492,1715249,1645560,1558737,1675918,1328033,1338942,1244520,1077561,1036788,1029633,946941,1006843,774053,768155,702904,777907
98950,87964,94493,99705,101077,107653,104257,102682,105302,104190,102866,118804,84470,77127,69885,77686,75570,79588,76990,75841,78468,80935,78246,81546,163349,261703,394159,403969,415559,393445,584145,970710,881750,805946,957766,1298178,942496,957897,1045195,1750969,2446893,2214531,2282265,2262454,2062786,2049508,2164124,2185012,2062654.5,1692767.9,1635083.9,1577813.9,1540512.7,1306015.8,1310140.8,1287509.8,1126478.3,1137773.8,1195364.1,1152801,1007160,922820,805023,660741,464597,619210,470915,630687,598764,568357,529841,393909
488245,484480,532743,520172,535232,509738,579709,519977,521813,514628,511191,624905,496503,461506,519403,576378,578649,574072,582593,567280,637962,792991,798602,750198,532599,471246,606927,761555,782107,684569,884720,971368,1053981,1302894,1566985,1625107,2116342,1794117,1850054,1852641,1749811,1601390,1537385,1558770,1423878,1378872,1132342,998940,967841,1045022,1250180,1299686,1246529,1215693,1224917,1205608,1249320,1378141,1250240,1115278,1070643,1048324,964676,745844,717434,710572,703541,636566,595519,618336,469772,355858
495662.2,474053.2,515265.2,494518,499964.7,504061.2,511145.5,372142.5,505716.5,524381.5,506330.7,512711.8,488948,480924,502757,498361,497467,482910,548851,542122,520936,623256,743763,856441,758606,725886,745075,719327,718915,674577,695315,660502,677574,674505,694215,674191,624472,617189,674582,630704,679368,645218,679390,660130,628182,676319,645240,641940,713627,612752,667168,687883,725013,695877,739077,751201,720447,713765,602983,614397,721414,649252,670158,597821,527012,512834,509294,506869,471533,543895,484887,509049
90449,76042,129593,128783,117941,125800,106892,100075,114585,88355,99255,107092,132311,143785,175678,116875,170801,224404,172444,169575,177493,142582,161484,214877,262629,219712,258139,257214,313292,431542,594541,573580,756047,875203,752688,774419,1003614.06,813892.05,857641.76,822723.02,823995.04,725111.43,761380.74,753322.44,644001.83,575045.45,582785.76,573932.09,529115,499348,604714,537707,608361,614977,481990,397086,592474,589163,414540,288421,215511,226960,229599,198289,190443,207288,222527,237246,217364,208090,195877,203090
100906.16,115366.64,135788.56,133890.58,106425.22,108351.48,123128.16,116923.96,79833.06,145356.31,122459.44,124823.16,123693,151318,162427,155704,198798,237394,200090,188764,178705,164050,161680,178579,138808,129532,166838,266098,291972,368116,607861,700679,637406,917125,1025028,1051883,964504,984104,1193078,1263458,1325188,1274151,1170798,1330347,1457441,1649820,1504659,1485670,1284290.66,1016104.9,1098761.6,1039212.3,1228276.1,970960.5,1086173.4,1046541,911188.5,1052648.3,971653.1,816049.3,855107,765258,835786,808909,802966,880449,832337,766578,760805,844244,783811,753875
1083821,937533,1166555,1021905,1048242,1089174,1107942,990846,1067130,1092737,1136047,1111376,968764,947473,1619029,845696,862122,891514,920108,973074,888816,949413,911796,887536,1119366,1240101,1091491,1146143,995875,1057609,1037606,970858,971048,1053121,1057872,1149887,1465940,1384094,1589668,1547055,1487523,1319177,1445462,1364978,1318865,1364988,1186379,1304006,1352796,1106149,1150496,1075587,1135085,1079484,1236875,1101538,986633,975247,942586,744739,849582,748672,599183,587925,533507,484566,638554,386826,425361,442883,474815,467935
129991.5,121048.5,122718.5,142225.5,199058.5,171177.5,155999.5,216477.5,165735.5,163074.5,155042.5,164140.5,187193.5,151475.5,224633.5,310860.5,430341.5,445580.5,401779.5,482820.5,468041.5,546355.5,544603.5,670996.5,600082.5,543928.5,500353.5,542931.5,706999.5,726732.5,715524.5,680095.5,656885.5,777879.5,669610.5,644560.5,1231961.5,1275715.5,1250043.5,1385159.5,1584465.5,1585317.5,1632804.5,1696435.5,1639626.5,1663191.5,1809913.5,1869196.5,2161984.5,1802468.5,2011410.5,1834545.5,1948095.5,1753264.5,1803352.5,1719808.5,1507505.5,1458494.5,1683148,1582816,1443636.5,1329637.5,1461170.5,1378492.5,1317877.5,1236856.5,1080612.5,1026687.5,1018028.5,1148815.5,1120376.5,1115435.5
160052,263669,309167,342968,392230,401009,436331,481893,453434,454359,380639,276329,616611,591982,564813,564352,394218,728537,718221,1001247,794995,866337,882640,922552,256196,252505,258380,263315,268466,269085,212658,214665,216096,231399,227480,220217,1116396,914745,1090579,1068193,1004853,1011237,1002221,944680,1246625,1226249,1130252,1158867,991151,929256,1193495,1298696,1349104,1287825,1339958,1385906,1319445,1251006,1070344,1126204,1075248,954593,1144293,1197699,1362317,1397311,1375565,1505538,1365911,1468039,1314848,1247002
178062,143603,220798,179639,168941,188429,194212,177198,179963,162867,188537,198551,166278,168796,214388,189848,207494,207219,225037,233571,222041,216907,236280,226725,223609,190440,206878,237384,277756,266925,277036,298785,273072,296218,283031,258964,252937,236500,285003,321468,299113,272999,382555,370102,349078,379972,413904,399644,346022,266553,296677,284037,305374,258560,263720,259481,251251,338913,400511,442091,314408,343300,377240,360638,390715,282542,315997,353990,329151,378438,379715,384766
8736,7532,8825,8528,6829.1,6805,10042,9619,8940.1,9153,9037,9272,8875,9110,9086,9524,9581,8613,9221,8491,9287,9426,8699,8246,11307,7564,13336,12195,16991,22990,19458,20243,15463,16606,15190,16151,27563,27251,28697,27763,30011,26702,54075,59488,109524,100900,88025,82721,36622,35506,44630,45144,43295,23145,10524,26425,27679,29027,24293,26568,10704,9716,10236,9045,8474,16775,31050,35875,35299,32487,25392,30313
285725,349503,399391,367920,332497,365627,387001,349684,364420,318665,283261,307817,330471,319877,277103,276197,287261,281563,250227,308705,376655,602619,711443,481092,256619,247283,224565,170394,190994,171860,186984,153755,160398,147803,151127,172465,180939,179268,259394,221055,261686,227845,188122,119379,151559,144756,148817,142044,162133,112910,114296,117975,110978,93998,86016,59336,100336,105924,70012,52553,31297,33259,44367,77796,99711,99017,101541,109524,97565,88082,91953,92254
2917100,2381856,2681067,2303957,2431943,2334415,1932069,1792012,2006346,2556459,2313502,2487268,2250299,1828372,2155252,2045093,1776024,1684524,1762705,1822792,1506558,1393279,1770240,2095645,1985585.67,1783398.67,1706213.67,1331522.67,1191073.67,1155721.67,1652429.67,1596916.67,1517960.67,1333290.67,1350501.67,1359199.67,1139230.67,1149311.67,1471326.67,1214771.67,1397957.67,1344634.67,1573757.67,1545386.67,1310669.67,1329597.67,1210570.67,1418313.67,1330929,1144661,1266227,1067266,975343,1011789,1040945,1163676,1110060,1115431,966109,979940,913081,958195,985918,950098,674069,681716,609405,638361,742290,918865,921785,929262
1784236,1577596,1710263,1661524,1633394,1521365,1572111,1826542,1767362,1739057,1772386,1944897.4,1722283,1383089,1587916,1512974,1450906,1458847,1386478,1321279,1305312,1314037,1106508,1279622,1502009,1448578,1337255,1430320,1685049,1526769,1595735,1438677,1401846,1251847,1422435,1375007,1746160.83,1514395.83,1643629.83,1505312.83,1532363.83,1487534.83,1492443.83,1467235.83,1162500.84,1272160.84,1235726.84,1216178.84,1541101,1399179,1379365,1268108,1307291,991355,1433725,1648232,1679743,1658124,1371093,1237406,1193267,1117891,1101749,1014145,1010965,896112,937545,948819,979927,945203,891228,819266
362356,324850,371339,360346,374778,362522,376623,383182,394890.3,402212.7,380612,383235,379676,422360,442376,468940,497011,465489,486940,499561,518147,541540,510139,520695,509756,449701,484330,471000,493563,505843,520697,516259,499707,528012,494831,497183,571739,483868,546331,535537,556365,539167,579147,582971,514894,570653,512798,527878,505438,478617,474857,476151,451664,419757,445168,455972,436768,486409,422003,458264,455713,433132,432514,397487,421589,397959,363525,400159,454961,379217,249914,266388
288610,198300,161612,241993,248091,177588,191278,210504,253697,307644,342064,380842,389222,355865,410618,415861,476214,474998,525621,480128,359322,360298,767184,970386,626512,903531,1193349,800286,525151,691233,762203,1119958,1213880,1156196,604930,901493,1199953,1085575,1047873,1074235,1167590,1229424,1261454,1151749,988856,980904,1029303,975648,978751,849396,1088032,1054963,1129440,818056,951340,1113208,1391151,1496611,1279946,1351240,1297848,919728,910389,842646,1052304,967594,940512,1089114,1025826,1438870,1477850,1240865
77116,60303,89341,75190.45,81674,72488,72510,64627,66859,34833,23090,14127,8431,4120,3109,3852,9709,8474,10890,17288,13778,16852,14876,10864,26753,21221,16848,18279,20229,18517,6669,13173,14881,17488,21191,31334,32930,29647,47804,42940,44377,41584,37271,40875,40920,43882,36520,41235,35790,27848,31976,31338,32131,34922,35164,29063,30300,7577,23873,19940,25181,21135,24128,22127,22615,21137,20745,9248,4784,21356,30958,27494
173167,163220,177689,171306,159832,141569,180455,172854,165555,189299,165323,184063,178596,391336,404821,363490,508526,676090,653638,594796,540118,583849,539183,498164,614224,501151,436999,432674,368682,445299,485039,472158,453005,472017,461275,471824,443155,418005,416485,457243,463199,377159,459060,381670,402762,370278,375430,385135,328219,288630,356639,348610,321438,376426,374781,437454,699141,1276362,1025225,558504,919092,853479,736986,724607,653694,602024,604177,515464,463485,493933,734094,922866
1287695,1078603,1341530,1373339,1460190,1315894,1116537,1077243,1302460,1462082,1276576,1377395,1034666,1363631,1042044,1079091,938884,949337,943160,895933,682608,504502,554182,624088,849716,780888,787009,604867,538764,676813,732879,741809,732062,775965,750106,773700,784875,781101,913929,764165,701785,514355,657846,721644,607561,471140,424601,428925,433331,365532,619759,558092,301354,366052,393514,465594,414140,374053,284338,294599,316758,327554,364599,333424,206804,204797,168719,317911,335969,332705,307269,273855
1329069,1073811,1195374,1141986,1223376,1234479,1299302,1215390,1160654,1374475,1254327,1232036,1144948,1162278,1270974,1134920,1118856,1218215,1387985,1408565,1364635,1342251,1280445,1227441,1311233,1151991,1308507,1188166,1248219,1206247,1530539,1469438,1369421,1257017,1451792,1331626,1199142,1352185,1435303,1447904,1400737,1339388,1398497,1425636,1324840,1423914,1375402,1368728,1317125,1169705,1318693,1240976,1184846,1028651,1042535,1074733,1013248,1075524,1035154,1126798,1129996,993730,947138,857777,802595,727890,831258,844558,803770,794238,789733.7,767919
4625089,4875368,5517197,5333064,4837904,4998974,5559500,5539205,5331477,5546394,5058738,4790142,5627479,5248877,5969191,5353628,5250389,5686713,6216444,6231794,6170038,6133231,6147605,6083695,5845956,5127163,4887723,4536344,6195258,5994727,5828208,5849220,5914989,4589576,5002539,5967668,6051515,5108611,5435552,5319472,6122035,5864856,6010809,6003482,5488309,5627357,5373795,5911152,6024031,5602308,5664282,5315221,4976857,3417827,3312115,4082103,4851024,4874477,4593698,4693440,4123713,4249967,2038850,1216880,1239671,1238517,1219344,1149796,1127729,1142937,1206982,1263142
121259,104337,119862,115640,115076,107818,112779,118241,121946,114909,111146,111305,113394,111996,121189,109470,111834,105661,106359,114352,102161,110681,100312,102197,16006,15218,16621,11101,16610,6252,16462,21039,18943,9933,13381,17244,16677,10907,21071,14501,14073,12580,12531,12534,13425,13404,9267,3048,11524,12016,11055,10289,24955,21676,21335,25522,27501,17256,13233,13213,11851,10103,10824,12557,16868,17312,16642,17054,9474,6093,8898,5985
412328,415360,456993,441537,463804,460961,429933,429408,388704,437568,420323,385631,507089,335704,415154,407456,434229,446348,427456,423215,408452,454431,395413,417553,414575,425330,419133,366390,363635,373708,379371,544725,319112,365754,298533,315729,416951,428460,411708,473479,443285,382922,364051,365077,353385,366961,333204,341169,309033,302282,321380,320298,316840,314869,318487,255037,256518,243998,224036,232666,294062,272042,180429,164445,145396,171841,162165,192994,188870,191915,177984,178288
1089090,875096,1128537,1015938,1112613,1188683,1193327,1086450,1036839,1048765,995111,933773,826652,776933,795513,729928,693794,651351,634270,585554,558637,510488,528628,553625,557296,469306,496475,495670,518439,530598,569486,612669,621265,630508,632351,715482,822435,785623,746437,436165,431693,378411,366201,369937,327837,318867,278550,338223,332004,285097,328571,304076,292585,259514,292893,278300,315139,329912,351669,362722,406313,346899,322746,323790,354754,297160,287048,325117,334628,308611,314426,317992
4045934,3352316,3759040,3533975,3623250,3662243,3692015,3772575,3930805,4007277,3773403,4186328,4340742,4146062,3997421,3950099,3958553,4162334,4229553,4189789,3580609,3723542,3688407,3717206,3436253,2983582,3145512,3613291,3663942,2728165,3570843,3707580,3419441,3162021,3288075,2907701,2990717,2715574,2983319,2999154,2767378,2802770,2713683,2796614,2600715,2562786,2385287,2410963,2330646,1976789,2101186,2334683,1755476,1955066,2067834,1997432,1739736,1793097,1421524,1280770,1265521,1136892,1060009,956791,888702,1032756,1009941,1070762,1078267,1035818,908799,832168
915637,807831,935567,930930,1058489,1270401,1254376,1267326,1294729,1312124.52,1247080,1240111,1102339,1237686,1365789,1339526,1457958,1403396,1365140,1308065,1295276,1192290,1062129,1362336,1052517,1067093,1078636,1002975,939877,1035206,1494001,1789528,1630672,1482026,1654870,1569221,1579640,1406514,1708892,1832120,1894665,1779872,1780325,1683285,1682887,1689094,1627600,1783276,1692876,1527583,1658169,1590829,1443220,1352793,1373341,1385618,1215373,1303772,1425376,1340453,1321893,1212785,1190808,1079880,1214578,1231790,1268660,1174269,1164661,1156176,1174535,1197611
205962.6,185531.6,206510.6,199764.6,206664.6,191401.6,202803.6,195962.6,190838.6,191207.6,189420.6,191639.6,184844,177298,186074,185472,184294,181257,172986,177953,172616,182087,178581,179598,147784,135411,138329,133503,134941,130782,135985,125484,120761,119731,118051,116045,122699,117625,116285,119694,119022,122953,126702,127081,123051,127722,123231,124854,130267,122368,128819,129480,129886,128073,126663,93172,113256,117412,169244,153786,131479,154074,163883,174820,163494,163370,141991,160271,242103,275883,312172,312751
40714,29507,44731,37883,33640,48672,40878,34855,38623,42639,39836,40667,41170,43227,31395,35716,40188,40668,32200,36013,34811,28187,28478,27726,19485,17416,20496,13044,2325,3347,2298,1993,2106,2041,1556,1010,695.3,780.7,209,211,208,241,968.5,1289,789.3,1895.5,1751.4,2674.3,1475.9,1600.6,3563.4,2820.9,3094.7,1573.4,1984.7,1012,3005.5,2816,1482.2,1170.3,110993,188702,153462,221708,159343,123453,146850,181150,301367,181391,265676,207869
97731,56018,126516,141335,98242,95095,149796,138023,99761,169955,142237,150374,131980,142379,241616,235540,235459,317422,219801,185339,259221,276910,356905,407223,436982,333291,355596,386470,355929,318451,272158,285251,290750,263911,299216,306903,351199,323270,320856,279530,337093,357280,306893,315968,330954,332044,298340,294048,365799,380625,403553,392319,344879,428639,476975,378394,416081,433038,376156,394699,528253,492048,423723,476280,472061,477107,534855,487941,505031,383668,484643,544454
1297489,1164790,1242036,1221602,1264709,1289020,1372263,1375802,1298017,1275225,1297482,1367210,1412319.1,1299490.1,1354000.1,1295768.1,1327144.1,1303519.1,1358749.1,1390396.1,1379217.1,1446877.1,1426008.1,1449968.1,1449040,1303041,1407860,1431521,1511246,1465273,1468611,1478699,1362830,1449081,1436751,1374901,1472831.483,1444993.083,1891925.083,1904768.083,1835887.483,1843671.283,1721842.883,1753894.283,1792095.883,1865983.28,1827663.88,1784392.093,1820276,1842135,2115299,2123800,2281781,1968426,2442592,2555607,2426225,2647856,2694450,2705483,2646549,2344016,2317566,2349534,2279507,2375234,2203221,2175991,2181475,2231488,2070900,2175407
86292,92150,87693,2069,91139,67564,120216,32618,80133,136288,160808,155390,123417,66961,192444,182779,139776,312444,312195,226112,427014,360643,427251,291846,201661,338170,347625,281677,276084,192981,201128,207696,179650,160575,163374,164474,153220,157037,189742,149696,171095,190201,299486,311428,87524,256296,320834,321854,356208,271943,365636,349625,340781,460655,378605,392136,409893,457912,369465,350938,320981,342583,256859,323704,355157,355213,258991,281062,223149,178929,75068,67859
198875,173639,196609,185733,243782,183549,180185,212356,235095,242116,251735,241252,242708,247740,275191,268551,268951,257553,252707,279888,246345,237239,282917,280191,284593,229733,254211,263689,257570,232211,256079,267238,249110,227055,232713,238916,244573,236604,246061,249649,265992,245291,258497,251384,243560,210577,256816,234310,210389,219086,240234,196152,210987,179441,192508,206255,194500,188725,240381,217362,188573,200195,250120,252868,279403,277182,308557,285289,298376,356568,278552,328434
2895312,2629644,2883273,2835544,2888614,2753570,2790945,2690575,2714849,2908148,2844905,2929320,3114968,2844800,3016522,2910330,2819315,2929471,3053836,3063435,2954804,3036513,2934657,3063599,3216698,2995480,3255559,3126131,3135718,3183084,3405957,3525837,3304536,3425200,3493062,3592434,3766110,3442729,4011302,3883695,3948451,3872332,3881113,4085169,3927326,3960537,4089057,4025018,4301285,3797817,4126227,3917951,3960144,3887854,3967653,4130628,4038775,3916792,4015373,3868146,3994126,3638105,3440264,3481929,3636307,3525560,3756201,4026429,3794315,3591272,3557778,3756570
66079,66028,68373,75614,83450,73706,78383,72656,80401,81384,83109,79708,102441,72570,78991,79743,88461,79455,77779,77803,75975,75375,72637,77394,81830,71489,80601,71247,74370,70081,68627,68098,59333,72362,75825,78395,76453,69504,72647,70476,71261,65067,74594,72604,70823,73943,71945,71072,71626,64928,79578,74596,74521,68084,68484,69214,64702,67996,65338,109061,33768,45949,34877,99452,241016,172988,116934,136218,120226,167707,124802,95209
422499,211495,235283,351345,376116,372440,434469,359549,365678,388982,306230,287805,329266,437102,460696,477391,415309,336290,422894,363258,218929,317177,325572,227558,428472,499115,378973,477669,576261,346239,479708,346688,305334,397829,300370,382963,452252,458284,388174,412125,325524,392731,430194,379502,305101,479104,318835,328920,257841,227379,243992,237705,348287,319569,255406,292338,287919,296333,369575,409863,238328,322034,535524,482029,352119,313206,339575,263864,174756,198198,149167,128099
0,0,0,0,0,0,0,0,0,0,0,0,5,5,5,5,5,5,5,5,5,5,5,5,66,66,66,66,66,66,66,66,66,66,1466,1866,9030,4420,4010,3410,3410,3410,3410,3410,3410,3410,3410,3205,2800,2500,2300,2300,2150,1920,1900,1700,1720,1700,1550,1550,1160,900,900,900,900,900,900,900,900,900,1700,1700
1030,0,27295,17884,19383,17533,18346,20005,17719,19787,21870,18470,20690,21601,23233,22500,20907,20954,21855,22314,22429,21809,20785,21039,22296,19132,21711,18689,20079,9643,18643,19690,17770,21129,21102,21794,21802,18843,20943,20927,20713,21460,20349,21010,20680,19941,15686,18288,21178,16595,19334,19586,19122,19354,19053,18337,16553,17799,16969,17190,18166,16858,18712,18209,18007,18469,18251,16842,15852,16747,16363,16694
249076.33,224187.33,228596.33,232657.33,209629.33,220180.33,225360.33,228687.33,223679.33,214865.33,227120.33,218012.37,222136,182888,200211,207994,220112,221945,211103,215457,217132,234449,235755,230475,258530,228457,240593,231915,244989,232284,238424,253162,249267,244236,238863,244588,215253,206866,220084,213692,216283,200542,226471,215636,224059,216636,216220,204590,188910,170627,190265,170929,191410,190844,179176,208335,220990,228812,216943,235718,261364,226588,237845,247474,256048,229517,233685,244783,228293,269336,276791,267978
16462,14800,11808,17077,17222,18517,18610,17205,19682,19171,18722,17269,17639,17492,19295,19867,17870,18900,18949,10949,16327,19039,18495,19720,18345,19141,18728,17932,18790,21784,22730,23393,158931,21776,19958,19420,19532,20937,24390,23018,23956,13260,14082,14421,26117,26801,29112,21436,12652,19681,13539,19306,17169,28409,25653,18648,26584,26929,26060,23305,21348,20332,21279,18851,18594,19935,19393,18740,18623,19002,17975,18940
51376,46956,54472,44194,50933,45524,38232,32281,33784,36437,36775,31575,57002,70089,56418,55138,49483,42564,63934,67360,76365,73454,75095,65982,85236,72277,81716,75729,76119,64398,72429,67582,78628,77590,46910,68780,71153,72687,75492,60792,46339,5630,5640,14604,13839,16395,19826,27153,54164,41227,54599,36367,17526,5430,5415,5440,5455,5435,5425,5430,2425,2435,2644,9395,8964,8188,11928,9957,4409,8630,10075,9838
